customer_id,p_cash_treated,p_cash_control,uplift_cash,p_card_treated,p_card_control,uplift_card,best_product,best_uplift,recommend_treatment
1063,0.35185536277700385,0.3311544248040836,0.020700937972920275,0.3253596171208649,0.2924474646112024,0.03291215250966251,card,0.03291215250966251,card
9038,0.3615777965908932,0.31971024287399674,0.04186755371689643,0.3162307532252393,0.27038735764640115,0.04584339557883815,card,0.04584339557883815,card
7244,0.30198166478897476,0.2851385771225995,0.016843087666375267,0.26924634635828265,0.27589918427987986,-0.00665283792159721,cash,0.016843087666375267,cash
2358,0.30198166478897476,0.28443375506298973,0.017547909725985023,0.26924634635828265,0.27589918427987986,-0.00665283792159721,cash,0.017547909725985023,cash
2453,0.33120226390001645,0.3019583964387562,0.02924386746126023,0.28709606507090984,0.26874091332864347,0.018355151742266373,cash,0.02924386746126023,cash
8513,0.3421068211158548,0.31971024287399674,0.022396578241858034,0.3162307532252393,0.26988710995791715,0.046343643267322154,card,0.046343643267322154,card
5306,0.3278886870520102,0.31895809358201666,0.00893059346999353,0.296177332181284,0.2785185778965819,0.017658754284702094,card,0.017658754284702094,card
6034,0.2832222700989983,0.28443375506298973,-0.0012114849639914271,0.26924634635828265,0.27692384118215774,-0.007677494823875086,cash,-0.0012114849639914271,no_call
3054,0.30198166478897476,0.28443375506298973,0.017547909725985023,0.26924634635828265,0.27589918427987986,-0.00665283792159721,cash,0.017547909725985023,cash
5351,0.32160589571169934,0.29695345035176324,0.024652445359936104,0.2973647289818425,0.2870834002749674,0.010281328706875092,cash,0.024652445359936104,cash
682,0.3112259296962449,0.3219139435042277,-0.010688013807982788,0.3472639538972331,0.2962449617863958,0.05101899211083727,card,0.05101899211083727,card
6872,0.31104584921500994,0.29767639015435476,0.013369459060655176,0.2973647289818425,0.28589276917996076,0.01147195980188176,cash,0.013369459060655176,cash
8728,0.3615777965908932,0.31971024287399674,0.04186755371689643,0.296177332181284,0.27038735764640115,0.025789974534882854,cash,0.04186755371689643,cash
3873,0.2648295870527246,0.2872045856349517,-0.022374998582227135,0.2976760396530137,0.29438770693035393,0.0032883327226597703,card,0.0032883327226597703,card
8101,0.2832222700989983,0.28443375506298973,-0.0012114849639914271,0.26924634635828265,0.27692384118215774,-0.007677494823875086,cash,-0.0012114849639914271,no_call
9066,0.307841109541828,0.29695345035176324,0.010887659190064736,0.2973647289818425,0.2960418383550229,0.0013228906268196172,cash,0.010887659190064736,cash
2309,0.3503831459283605,0.31971024287399674,0.030672903054363765,0.296177332181284,0.2692398199411262,0.02693751224015778,cash,0.030672903054363765,cash
8579,0.3123735067019548,0.3023298722551591,0.01004363444679568,0.2779831606625721,0.27706434378923545,0.0009188168733366697,cash,0.01004363444679568,cash
1693,0.33146901359096903,0.31305956093956927,0.01840945265139976,0.3157850347804792,0.2935086681986142,0.022276366581864993,card,0.022276366581864993,card
6481,0.3469772287879512,0.31529020477374486,0.03168702401420631,0.306631101846816,0.2790287100960809,0.027602391750735145,cash,0.03168702401420631,cash
6988,0.33120226390001645,0.29695345035176324,0.03424881354825321,0.2973647289818425,0.26874091332864347,0.028623815653199047,cash,0.03424881354825321,cash
5064,0.33120226390001645,0.3019583964387562,0.02924386746126023,0.28709606507090984,0.26874091332864347,0.018355151742266373,cash,0.02924386746126023,cash
617,0.28285147170376607,0.28030047079389003,0.0025510009098760333,0.27912654340730697,0.2933246446645549,-0.014198101257247908,cash,0.0025510009098760333,cash
5540,0.3503831459283605,0.31529020477374486,0.03509294115461564,0.306631101846816,0.2692398199411262,0.0373912819056898,card,0.0373912819056898,card
5062,0.30198166478897476,0.2851385771225995,0.016843087666375267,0.26924634635828265,0.27589918427987986,-0.00665283792159721,cash,0.016843087666375267,cash
8066,0.3503831459283605,0.3377394733973495,0.012643672531011008,0.3059792459340628,0.2692398199411262,0.03673942599293656,card,0.03673942599293656,card
5558,0.3503831459283605,0.3194566488475652,0.030926497080795312,0.29672414199535563,0.2692398199411262,0.027484322054229404,cash,0.030926497080795312,cash
388,0.33120226390001645,0.29767639015435476,0.03352587374566168,0.2973647289818425,0.26874091332864347,0.028623815653199047,cash,0.03352587374566168,cash
3221,0.30198166478897476,0.2913984566179766,0.01058320817099817,0.28740102270028123,0.27589918427987986,0.011501838420401367,card,0.011501838420401367,card
196,0.2832222700989983,0.2913984566179766,-0.008176186518978279,0.28740102270028123,0.27692384118215774,0.01047718151812349,card,0.01047718151812349,card
3862,0.3503831459283605,0.3500056620570434,0.00037748387131708583,0.3147022409220193,0.2692398199411262,0.04546242098089309,card,0.04546242098089309,card
1147,0.3503831459283605,0.3271438238381926,0.02323932209016788,0.31536423590757445,0.2692398199411262,0.04612441596644823,card,0.04612441596644823,card
335,0.33120226390001645,0.3012295176263492,0.02997274627366725,0.28709606507090984,0.26874091332864347,0.018355151742266373,cash,0.02997274627366725,cash
907,0.2832222700989983,0.28443375506298973,-0.0012114849639914271,0.26924634635828265,0.27692384118215774,-0.007677494823875086,cash,-0.0012114849639914271,no_call
1552,0.3615777965908932,0.3414652117772702,0.02011258481362299,0.30394761256561054,0.27038735764640115,0.03356025491920939,card,0.03356025491920939,card
6733,0.3278886870520102,0.3019583964387562,0.02593029061325397,0.28709606507090984,0.2785185778965819,0.008577487174327936,cash,0.02593029061325397,cash
4363,0.2648295870527246,0.28030047079389003,-0.015470883741165453,0.27912654340730697,0.29438770693035393,-0.015261163523046961,card,-0.015261163523046961,no_call
1483,0.3375032220915655,0.31895809358201666,0.01854512850954887,0.296177332181284,0.2895148786737294,0.006662453507554622,cash,0.01854512850954887,cash
3252,0.30198166478897476,0.28030047079389003,0.021681193995084724,0.27912654340730697,0.27589918427987986,0.0032273591274271096,cash,0.021681193995084724,cash
8330,0.33120226390001645,0.3019583964387562,0.02924386746126023,0.28709606507090984,0.26874091332864347,0.018355151742266373,cash,0.02924386746126023,cash
7705,0.3278886870520102,0.31971024287399674,0.008178444178013444,0.296177332181284,0.2785185778965819,0.017658754284702094,card,0.017658754284702094,card
5669,0.3313884008727011,0.31454364609307167,0.016844754779629434,0.306631101846816,0.2787144383803398,0.0279166634664762,card,0.0279166634664762,card
4103,0.3278886870520102,0.31971024287399674,0.008178444178013444,0.296177332181284,0.2785185778965819,0.017658754284702094,card,0.017658754284702094,card
3933,0.34224264473001975,0.326918666189751,0.015323978540268735,0.3058362470322117,0.2726118917964195,0.0332243552357922,card,0.0332243552357922,card
7629,0.33120226390001645,0.31922443083234225,0.011977833067674193,0.3164776388805356,0.26874091332864347,0.04773672555189212,card,0.04773672555189212,card
1419,0.3421068211158548,0.3019583964387562,0.04014842467709856,0.28709606507090984,0.26988710995791715,0.017208955112992697,cash,0.04014842467709856,cash
5855,0.3503831459283605,0.3226697606601293,0.027713385268231194,0.32618136985782265,0.2692398199411262,0.05694154991669642,card,0.05694154991669642,card
1140,0.3123735067019548,0.2851385771225995,0.027234929579355305,0.26924634635828265,0.27706434378923545,-0.007817997430952794,cash,0.027234929579355305,cash
651,0.33120226390001645,0.326918666189751,0.00428359771026543,0.3058362470322117,0.26874091332864347,0.03709533370356821,card,0.03709533370356821,card
1194,0.35185536277700385,0.31529020477374486,0.03656515800325899,0.306631101846816,0.2924474646112024,0.014183637235613611,cash,0.03656515800325899,cash
6095,0.2832222700989983,0.28443375506298973,-0.0012114849639914271,0.26924634635828265,0.27692384118215774,-0.007677494823875086,cash,-0.0012114849639914271,no_call
7233,0.2832222700989983,0.2913984566179766,-0.008176186518978279,0.28740102270028123,0.27692384118215774,0.01047718151812349,card,0.01047718151812349,card
6781,0.35812305094197805,0.31529020477374486,0.042832846168233185,0.306631101846816,0.28020197172193173,0.026429130124884292,cash,0.042832846168233185,cash
5874,0.3469772287879512,0.31971024287399674,0.027266985913954433,0.3162307532252393,0.2790287100960809,0.037202043129158424,card,0.037202043129158424,card
4872,0.3469772287879512,0.31971024287399674,0.027266985913954433,0.296177332181284,0.2790287100960809,0.017148622085203125,cash,0.027266985913954433,cash
4686,0.3615814811945038,0.3442850414782796,0.017296439716224188,0.3275026142730842,0.30270012649040573,0.024802487782678462,card,0.024802487782678462,card
468,0.33120226390001645,0.29767639015435476,0.03352587374566168,0.31746228286522615,0.26874091332864347,0.04872136953658268,card,0.04872136953658268,card
5754,0.34051398250756326,0.31529020477374486,0.025223777733818398,0.306631101846816,0.28760296634391447,0.019028135502901555,cash,0.025223777733818398,cash
3418,0.3503831459283605,0.3019583964387562,0.04842474948960429,0.28709606507090984,0.2692398199411262,0.01785624512978362,cash,0.04842474948960429,cash
5311,0.30198166478897476,0.2913984566179766,0.01058320817099817,0.28740102270028123,0.27589918427987986,0.011501838420401367,card,0.011501838420401367,card
7612,0.3615777965908932,0.3303197357813746,0.031258060809518595,0.32823017276390737,0.27038735764640115,0.05784281511750622,card,0.05784281511750622,card
4070,0.2832222700989983,0.28443375506298973,-0.0012114849639914271,0.26924634635828265,0.27692384118215774,-0.007677494823875086,cash,-0.0012114849639914271,no_call
2026,0.3615777965908932,0.31971024287399674,0.04186755371689643,0.296177332181284,0.27038735764640115,0.025789974534882854,cash,0.04186755371689643,cash
6950,0.3082305874874605,0.31895809358201666,-0.010727506094556138,0.296177332181284,0.27954920724122556,0.016628124940058442,card,0.016628124940058442,card
7300,0.3503831459283605,0.31529020477374486,0.03509294115461564,0.306631101846816,0.2692398199411262,0.0373912819056898,card,0.0373912819056898,card
5001,0.33120226390001645,0.31971024287399674,0.011492021026019705,0.296177332181284,0.26874091332864347,0.02743641885264053,card,0.02743641885264053,card
2191,0.3421068211158548,0.326918666189751,0.015188154926103759,0.3058362470322117,0.26988710995791715,0.035949137074294535,card,0.035949137074294535,card
527,0.311437557394592,0.31895809358201666,-0.0075205361874246535,0.296177332181284,0.26974888894509436,0.026428443236189647,card,0.026428443236189647,card
4583,0.2832222700989983,0.28443375506298973,-0.0012114849639914271,0.26924634635828265,0.27692384118215774,-0.007677494823875086,cash,-0.0012114849639914271,no_call
7164,0.3278886870520102,0.3012295176263492,0.02665916942566099,0.3068026436475595,0.2785185778965819,0.028284065750977583,card,0.028284065750977583,card
2203,0.3615777965908932,0.31529020477374486,0.04628759181714831,0.306631101846816,0.27038735764640115,0.036243744200414874,cash,0.04628759181714831,cash
8750,0.30198166478897476,0.2851385771225995,0.016843087666375267,0.26924634635828265,0.27589918427987986,-0.00665283792159721,cash,0.016843087666375267,cash
1562,0.3278886870520102,0.31529020477374486,0.012598482278265322,0.306631101846816,0.2785185778965819,0.028112523950234114,card,0.028112523950234114,card
6929,0.3615777965908932,0.3019583964387562,0.05961940015213696,0.3068026436475595,0.27038735764640115,0.03641528600115834,cash,0.05961940015213696,cash
1367,0.2832222700989983,0.28030047079389003,0.0029217993051082747,0.27912654340730697,0.27692384118215774,0.0022027022251492334,cash,0.0029217993051082747,cash
3663,0.3276286602545435,0.29767639015435476,0.02995227010018875,0.2973647289818425,0.29807412521141136,-0.0007093962295688372,cash,0.02995227010018875,cash
8416,0.3503831459283605,0.31529020477374486,0.03509294115461564,0.306631101846816,0.2692398199411262,0.0373912819056898,card,0.0373912819056898,card
59,0.3503831459283605,0.31971024287399674,0.030672903054363765,0.296177332181284,0.2692398199411262,0.02693751224015778,cash,0.030672903054363765,cash
5285,0.3421068211158548,0.31971024287399674,0.022396578241858034,0.296177332181284,0.26988710995791715,0.026290222223366855,card,0.026290222223366855,card
1029,0.3421068211158548,0.31971024287399674,0.022396578241858034,0.296177332181284,0.26988710995791715,0.026290222223366855,card,0.026290222223366855,card
2409,0.2832222700989983,0.28443375506298973,-0.0012114849639914271,0.26924634635828265,0.27692384118215774,-0.007677494823875086,cash,-0.0012114849639914271,no_call
959,0.3387394039404114,0.31895809358201666,0.019781310358394755,0.296177332181284,0.27969052664030375,0.016486805540980254,cash,0.019781310358394755,cash
829,0.2832222700989983,0.28030047079389003,0.0029217993051082747,0.27912654340730697,0.27692384118215774,0.0022027022251492334,cash,0.0029217993051082747,cash
4608,0.2648295870527246,0.28030047079389003,-0.015470883741165453,0.27912654340730697,0.29438770693035393,-0.015261163523046961,card,-0.015261163523046961,no_call
3422,0.30198166478897476,0.28443375506298973,0.017547909725985023,0.26924634635828265,0.27589918427987986,-0.00665283792159721,cash,0.017547909725985023,cash
6867,0.3469772287879512,0.32582327094069874,0.021153957847252436,0.3607455693238763,0.2790287100960809,0.08171685922779542,card,0.08171685922779542,card
5469,0.2832222700989983,0.28443375506298973,-0.0012114849639914271,0.26924634635828265,0.27692384118215774,-0.007677494823875086,cash,-0.0012114849639914271,no_call
7598,0.33120226390001645,0.31971024287399674,0.011492021026019705,0.296177332181284,0.26874091332864347,0.02743641885264053,card,0.02743641885264053,card
2486,0.3421068211158548,0.31971024287399674,0.022396578241858034,0.296177332181284,0.26988710995791715,0.026290222223366855,card,0.026290222223366855,card
6085,0.33120226390001645,0.3019583964387562,0.02924386746126023,0.28709606507090984,0.26874091332864347,0.018355151742266373,cash,0.02924386746126023,cash
7667,0.33120226390001645,0.31971024287399674,0.011492021026019705,0.3162307532252393,0.26874091332864347,0.04748983989659583,card,0.04748983989659583,card
2737,0.307841109541828,0.3048272197950342,0.0030138897467937853,0.31659395344865043,0.2960418383550229,0.020552115093627532,card,0.020552115093627532,card
2302,0.311437557394592,0.3012295176263492,0.010208039768242805,0.28709606507090984,0.26974888894509436,0.01734717612581549,card,0.01734717612581549,card
2037,0.3615777965908932,0.31529020477374486,0.04628759181714831,0.306631101846816,0.27038735764640115,0.036243744200414874,cash,0.04628759181714831,cash
3203,0.3278886870520102,0.3019583964387562,0.02593029061325397,0.28709606507090984,0.2785185778965819,0.008577487174327936,cash,0.02593029061325397,cash
7371,0.3503831459283605,0.31971024287399674,0.030672903054363765,0.296177332181284,0.2692398199411262,0.02693751224015778,cash,0.030672903054363765,cash
9080,0.3615777965908932,0.3377394733973495,0.023838323193543676,0.3059792459340628,0.27038735764640115,0.03559188828766163,card,0.03559188828766163,card
6591,0.2832222700989983,0.2913984566179766,-0.008176186518978279,0.28740102270028123,0.27692384118215774,0.01047718151812349,card,0.01047718151812349,card
8549,0.3213048875136459,0.2851385771225995,0.0361663103910464,0.26924634635828265,0.27831835145317074,-0.009072005094888091,cash,0.0361663103910464,cash
8378,0.3469772287879512,0.3271438238381926,0.01983340494975855,0.31536423590757445,0.2790287100960809,0.036335525811493574,card,0.036335525811493574,card
8820,0.3278886870520102,0.3012295176263492,0.02665916942566099,0.28709606507090984,0.2785185778965819,0.008577487174327936,cash,0.02665916942566099,cash
5938,0.33120226390001645,0.3019583964387562,0.02924386746126023,0.28709606507090984,0.26874091332864347,0.018355151742266373,cash,0.02924386746126023,cash
5713,0.3505744120479437,0.29695345035176324,0.05362096169618047,0.2973647289818425,0.2792247904795161,0.018139938502326425,cash,0.05362096169618047,cash
4175,0.30198166478897476,0.29211349173985596,0.0098681730491188,0.28740102270028123,0.27589918427987986,0.011501838420401367,card,0.011501838420401367,card
4661,0.3173589799863462,0.3071487259894376,0.010210253996908614,0.35067093079739886,0.28033693650380814,0.07033399429359072,card,0.07033399429359072,card
4035,0.33120226390001645,0.3019583964387562,0.02924386746126023,0.28709606507090984,0.26874091332864347,0.018355151742266373,cash,0.02924386746126023,cash
7541,0.3615777965908932,0.31971024287399674,0.04186755371689643,0.296177332181284,0.27038735764640115,0.025789974534882854,cash,0.04186755371689643,cash
1543,0.3278886870520102,0.31895809358201666,0.00893059346999353,0.3162307532252393,0.2785185778965819,0.037712175328657394,card,0.037712175328657394,card
7942,0.32673103870969195,0.3012295176263492,0.02550152108334275,0.28709606507090984,0.28006049437916997,0.007035570691739879,cash,0.02550152108334275,cash
5775,0.294455964413194,0.28443375506298973,0.010022209350204259,0.26924634635828265,0.27932278053794385,-0.010076434179661198,cash,0.010022209350204259,cash
8529,0.294455964413194,0.2913984566179766,0.003057507795217407,0.28740102270028123,0.27932278053794385,0.008078242162337379,card,0.008078242162337379,card
7120,0.3421068211158548,0.31529020477374486,0.02681661634210991,0.3270634103794974,0.26988710995791715,0.05717630042158023,card,0.05717630042158023,card
6940,0.34224264473001975,0.29767639015435476,0.04456625457566499,0.2973647289818425,0.2726118917964195,0.024752837185423038,cash,0.04456625457566499,cash
3751,0.30198166478897476,0.2851385771225995,0.016843087666375267,0.26924634635828265,0.27589918427987986,-0.00665283792159721,cash,0.016843087666375267,cash
8837,0.31104584921500994,0.29767639015435476,0.013369459060655176,0.2973647289818425,0.28589276917996076,0.01147195980188176,cash,0.013369459060655176,cash
2937,0.3700276802071576,0.30894834225308065,0.06107933795407694,0.29658362004793826,0.33027287466293315,-0.03368925461499489,cash,0.06107933795407694,cash
6642,0.3313884008727011,0.3012295176263492,0.03015888324635191,0.28709606507090984,0.2787144383803398,0.008381626690570021,cash,0.03015888324635191,cash
3128,0.29195889535664754,0.29695345035176324,-0.0049945549951156964,0.2973647289818425,0.28693983349509655,0.010424895486745966,card,0.010424895486745966,card
8641,0.33120226390001645,0.326918666189751,0.00428359771026543,0.3058362470322117,0.26874091332864347,0.03709533370356821,card,0.03709533370356821,card
5405,0.3278886870520102,0.31971024287399674,0.008178444178013444,0.296177332181284,0.2785185778965819,0.017658754284702094,card,0.017658754284702094,card
4406,0.3615777965908932,0.3414652117772702,0.02011258481362299,0.32428473749314873,0.27038735764640115,0.053897379846747584,card,0.053897379846747584,card
961,0.33120226390001645,0.3019583964387562,0.02924386746126023,0.28709606507090984,0.26874091332864347,0.018355151742266373,cash,0.02924386746126023,cash
8978,0.28285147170376607,0.28030047079389003,0.0025510009098760333,0.27912654340730697,0.2933246446645549,-0.014198101257247908,cash,0.0025510009098760333,cash
4870,0.3387394039404114,0.31895809358201666,0.019781310358394755,0.296177332181284,0.27969052664030375,0.016486805540980254,cash,0.019781310358394755,cash
2662,0.3421068211158548,0.3271438238381926,0.014962997277662149,0.31536423590757445,0.26988710995791715,0.045477125949657304,card,0.045477125949657304,card
137,0.29195889535664754,0.3219139435042277,-0.029955048147580154,0.32618136985782265,0.28693983349509655,0.03924153636272609,card,0.03924153636272609,card
3154,0.28285147170376607,0.28030047079389003,0.0025510009098760333,0.27912654340730697,0.2933246446645549,-0.014198101257247908,cash,0.0025510009098760333,cash
4936,0.32963475782189433,0.31529020477374486,0.014344553048149467,0.3270634103794974,0.286411046121376,0.040652364258121354,card,0.040652364258121354,card
2434,0.33731538326732624,0.3423168865731469,-0.005001503305820665,0.29553822720957185,0.27930452888180324,0.01623369832776861,card,0.01623369832776861,card
6452,0.33120226390001645,0.3019583964387562,0.02924386746126023,0.28709606507090984,0.26874091332864347,0.018355151742266373,cash,0.02924386746126023,cash
792,0.33120226390001645,0.3058005634366763,0.02540170046334017,0.29658362004793826,0.26874091332864347,0.027842706719294785,card,0.027842706719294785,card
4382,0.3503831459283605,0.3019583964387562,0.04842474948960429,0.3068026436475595,0.2692398199411262,0.03756282370643327,cash,0.04842474948960429,cash
6792,0.3503831459283605,0.31971024287399674,0.030672903054363765,0.3162307532252393,0.2692398199411262,0.04699093328411308,card,0.04699093328411308,card
8381,0.2827384622228038,0.28030047079389003,0.002437991428913766,0.27912654340730697,0.29690251599431133,-0.017775972587004363,cash,0.002437991428913766,cash
6265,0.3421068211158548,0.3019583964387562,0.04014842467709856,0.28709606507090984,0.26988710995791715,0.017208955112992697,cash,0.04014842467709856,cash
5774,0.30198166478897476,0.28443375506298973,0.017547909725985023,0.26924634635828265,0.27589918427987986,-0.00665283792159721,cash,0.017547909725985023,cash
6843,0.3387394039404114,0.31971024287399674,0.019029161066414668,0.296177332181284,0.27969052664030375,0.016486805540980254,cash,0.019029161066414668,cash
7093,0.33120226390001645,0.3423168865731469,-0.011114622673130459,0.31556777769746147,0.26874091332864347,0.046826864368818,card,0.046826864368818,card
2681,0.3278886870520102,0.31895809358201666,0.00893059346999353,0.296177332181284,0.2785185778965819,0.017658754284702094,card,0.017658754284702094,card
3980,0.2827384622228038,0.28030047079389003,0.002437991428913766,0.27912654340730697,0.29690251599431133,-0.017775972587004363,cash,0.002437991428913766,cash
3023,0.3421068211158548,0.31895809358201666,0.02314872753383812,0.296177332181284,0.26988710995791715,0.026290222223366855,card,0.026290222223366855,card
6852,0.30186422930004736,0.28443375506298973,0.017430474237057625,0.26924634635828265,0.2793485267543345,-0.010102180396051874,cash,0.017430474237057625,cash
4225,0.33731538326732624,0.29767639015435476,0.03963899311297148,0.2973647289818425,0.27930452888180324,0.01806020010003928,cash,0.03963899311297148,cash
4252,0.33120226390001645,0.3271438238381926,0.00405844006182382,0.31536423590757445,0.26874091332864347,0.04662332257893098,card,0.04662332257893098,card
1972,0.2832222700989983,0.28443375506298973,-0.0012114849639914271,0.26924634635828265,0.27692384118215774,-0.007677494823875086,cash,-0.0012114849639914271,no_call
19,0.31104584921500994,0.31529020477374486,-0.004244355558734925,0.3270634103794974,0.28589276917996076,0.04117064119953662,card,0.04117064119953662,card
6028,0.3421068211158548,0.31971024287399674,0.022396578241858034,0.296177332181284,0.26988710995791715,0.026290222223366855,card,0.026290222223366855,card
971,0.31104584921500994,0.31529020477374486,-0.004244355558734925,0.306631101846816,0.28589276917996076,0.020738332666855264,card,0.020738332666855264,card
2970,0.33120226390001645,0.29695345035176324,0.03424881354825321,0.2973647289818425,0.26874091332864347,0.028623815653199047,cash,0.03424881354825321,cash
4885,0.3966891835421407,0.3226697606601293,0.07401942288201141,0.3472639538972331,0.29415076349592995,0.053113190401303134,cash,0.07401942288201141,cash
684,0.3503831459283605,0.3303197357813746,0.020063410146985927,0.34937651838393186,0.2692398199411262,0.08013669844280563,card,0.08013669844280563,card
6347,0.3421068211158548,0.3019583964387562,0.04014842467709856,0.3068026436475595,0.26988710995791715,0.036915533689642344,cash,0.04014842467709856,cash
7091,0.2832222700989983,0.28443375506298973,-0.0012114849639914271,0.26924634635828265,0.27692384118215774,-0.007677494823875086,cash,-0.0012114849639914271,no_call
679,0.33120226390001645,0.31971024287399674,0.011492021026019705,0.296177332181284,0.26874091332864347,0.02743641885264053,card,0.02743641885264053,card
5538,0.3505744120479437,0.31454364609307167,0.036030765954872035,0.306631101846816,0.2792247904795161,0.02740631136729993,cash,0.036030765954872035,cash
179,0.33120226390001645,0.31971024287399674,0.011492021026019705,0.296177332181284,0.26874091332864347,0.02743641885264053,card,0.02743641885264053,card
5089,0.32160589571169934,0.29695345035176324,0.024652445359936104,0.2973647289818425,0.2870834002749674,0.010281328706875092,cash,0.024652445359936104,cash
7076,0.3685226600768113,0.326918666189751,0.041603993887060264,0.3058362470322117,0.30535897761759456,0.0004772694146171208,cash,0.041603993887060264,cash
1124,0.32160589571169934,0.29695345035176324,0.024652445359936104,0.2973647289818425,0.2870834002749674,0.010281328706875092,cash,0.024652445359936104,cash
8032,0.33120226390001645,0.3019583964387562,0.02924386746126023,0.28709606507090984,0.26874091332864347,0.018355151742266373,cash,0.02924386746126023,cash
1461,0.36307076144379347,0.31895809358201666,0.04411266786177681,0.296177332181284,0.2936541681033737,0.0025231640779103115,cash,0.04411266786177681,cash
1685,0.3313884008727011,0.31895809358201666,0.01243030729068445,0.296177332181284,0.2787144383803398,0.01746289380094418,card,0.01746289380094418,card
7116,0.33120226390001645,0.31529020477374486,0.015912059126271583,0.306631101846816,0.26874091332864347,0.03789018851817255,card,0.03789018851817255,card
1303,0.3615777965908932,0.3019583964387562,0.05961940015213696,0.28709606507090984,0.27038735764640115,0.016708707424508695,cash,0.05961940015213696,cash
178,0.2832222700989983,0.28443375506298973,-0.0012114849639914271,0.26924634635828265,0.27692384118215774,-0.007677494823875086,cash,-0.0012114849639914271,no_call
379,0.33120226390001645,0.3019583964387562,0.02924386746126023,0.28709606507090984,0.26874091332864347,0.018355151742266373,cash,0.02924386746126023,cash
228,0.3503831459283605,0.3040944328553246,0.04628871307303589,0.31659395344865043,0.2692398199411262,0.04735413350752421,card,0.04735413350752421,card
1448,0.33120226390001645,0.31895809358201666,0.012244170317999792,0.296177332181284,0.26874091332864347,0.02743641885264053,card,0.02743641885264053,card
1517,0.3503831459283605,0.326918666189751,0.02346447973860949,0.3058362470322117,0.2692398199411262,0.03659642709108546,card,0.03659642709108546,card
640,0.33120226390001645,0.31895809358201666,0.012244170317999792,0.3162307532252393,0.26874091332864347,0.04748983989659583,card,0.04748983989659583,card
7232,0.311437557394592,0.31895809358201666,-0.0075205361874246535,0.3162307532252393,0.26974888894509436,0.04648186428014495,card,0.04648186428014495,card
7866,0.3503831459283605,0.3271438238381926,0.02323932209016788,0.31536423590757445,0.2692398199411262,0.04612441596644823,card,0.04612441596644823,card
2521,0.2832222700989983,0.28443375506298973,-0.0012114849639914271,0.26924634635828265,0.27692384118215774,-0.007677494823875086,cash,-0.0012114849639914271,no_call
2895,0.3615777965908932,0.31454364609307167,0.0470341504978215,0.3270634103794974,0.27038735764640115,0.05667605273309623,card,0.05667605273309623,card
1408,0.33120226390001645,0.3019583964387562,0.02924386746126023,0.28709606507090984,0.26874091332864347,0.018355151742266373,cash,0.02924386746126023,cash
8300,0.3278886870520102,0.3019583964387562,0.02593029061325397,0.28709606507090984,0.2785185778965819,0.008577487174327936,cash,0.02593029061325397,cash
5461,0.33073169646049755,0.3012295176263492,0.02950217883414835,0.28709606507090984,0.28314277281492783,0.0039532922559820105,cash,0.02950217883414835,cash
273,0.30186422930004736,0.28443375506298973,0.017430474237057625,0.26924634635828265,0.2793485267543345,-0.010102180396051874,cash,0.017430474237057625,cash
7363,0.31104584921500994,0.29695345035176324,0.014092398863246702,0.2973647289818425,0.28589276917996076,0.01147195980188176,cash,0.014092398863246702,cash
8157,0.3421068211158548,0.3012295176263492,0.04087730348950558,0.28709606507090984,0.26988710995791715,0.017208955112992697,cash,0.04087730348950558,cash
1473,0.29195889535664754,0.29695345035176324,-0.0049945549951156964,0.2973647289818425,0.28693983349509655,0.010424895486745966,card,0.010424895486745966,card
1293,0.3082305874874605,0.29695345035176324,0.01127713713569728,0.2973647289818425,0.27954920724122556,0.017815521740616957,card,0.017815521740616957,card
3007,0.33120226390001645,0.31971024287399674,0.011492021026019705,0.296177332181284,0.26874091332864347,0.02743641885264053,card,0.02743641885264053,card
3262,0.3278886870520102,0.3012295176263492,0.02665916942566099,0.28709606507090984,0.2785185778965819,0.008577487174327936,cash,0.02665916942566099,cash
2183,0.3503831459283605,0.31971024287399674,0.030672903054363765,0.296177332181284,0.2692398199411262,0.02693751224015778,cash,0.030672903054363765,cash
409,0.3173589799863462,0.3058005634366763,0.011558416549669936,0.29658362004793826,0.28033693650380814,0.016246683544130114,card,0.016246683544130114,card
4482,0.2888683561244294,0.29695345035176324,-0.008085094227333833,0.2973647289818425,0.29711060795588295,0.0002541210259595639,card,0.0002541210259595639,card
3878,0.3503831459283605,0.3271438238381926,0.02323932209016788,0.31536423590757445,0.2692398199411262,0.04612441596644823,card,0.04612441596644823,card
102,0.30198166478897476,0.28443375506298973,0.017547909725985023,0.26924634635828265,0.27589918427987986,-0.00665283792159721,cash,0.017547909725985023,cash
1987,0.3213048875136459,0.28030047079389003,0.041004416719755854,0.27912654340730697,0.27831835145317074,0.0008081919541362281,cash,0.041004416719755854,cash
3360,0.2832222700989983,0.28030047079389003,0.0029217993051082747,0.27912654340730697,0.27692384118215774,0.0022027022251492334,cash,0.0029217993051082747,cash
7981,0.2832222700989983,0.28443375506298973,-0.0012114849639914271,0.26924634635828265,0.27692384118215774,-0.007677494823875086,cash,-0.0012114849639914271,no_call
6964,0.3278886870520102,0.29767639015435476,0.030212296897655422,0.2973647289818425,0.2785185778965819,0.01884615108526061,cash,0.030212296897655422,cash
114,0.3503831459283605,0.31529020477374486,0.03509294115461564,0.306631101846816,0.2692398199411262,0.0373912819056898,card,0.0373912819056898,card
7037,0.2832222700989983,0.28443375506298973,-0.0012114849639914271,0.26924634635828265,0.27692384118215774,-0.007677494823875086,cash,-0.0012114849639914271,no_call
2039,0.30186422930004736,0.28443375506298973,0.017430474237057625,0.26924634635828265,0.2793485267543345,-0.010102180396051874,cash,0.017430474237057625,cash
5301,0.30198166478897476,0.29211349173985596,0.0098681730491188,0.28740102270028123,0.27589918427987986,0.011501838420401367,card,0.011501838420401367,card
8023,0.30198166478897476,0.29211349173985596,0.0098681730491188,0.28740102270028123,0.27589918427987986,0.011501838420401367,card,0.011501838420401367,card
584,0.30198166478897476,0.2888552884643508,0.013126376324623934,0.27837436170364827,0.27589918427987986,0.0024751774237684043,cash,0.013126376324623934,cash
79,0.3503831459283605,0.3500056620570434,0.00037748387131708583,0.3147022409220193,0.2692398199411262,0.04546242098089309,card,0.04546242098089309,card
1889,0.3615777965908932,0.31971024287399674,0.04186755371689643,0.296177332181284,0.27038735764640115,0.025789974534882854,cash,0.04186755371689643,cash
2082,0.3483163867853289,0.31971024287399674,0.02860614391133215,0.3162307532252393,0.2804784990905278,0.0357522541347115,card,0.0357522541347115,card
8477,0.3503831459283605,0.31971024287399674,0.030672903054363765,0.296177332181284,0.2692398199411262,0.02693751224015778,cash,0.030672903054363765,cash
264,0.33405972406847323,0.31895809358201666,0.015101630486456574,0.296177332181284,0.2732642571958728,0.02291307498541123,card,0.02291307498541123,card
7527,0.31104584921500994,0.29767639015435476,0.013369459060655176,0.2973647289818425,0.28589276917996076,0.01147195980188176,cash,0.013369459060655176,cash
3400,0.33120226390001645,0.3012295176263492,0.02997274627366725,0.28709606507090984,0.26874091332864347,0.018355151742266373,cash,0.02997274627366725,cash
5126,0.2827384622228038,0.2872045856349517,-0.004466123412147915,0.2976760396530137,0.29690251599431133,0.0007735236587023686,card,0.0007735236587023686,card
5881,0.32963475782189433,0.31529020477374486,0.014344553048149467,0.306631101846816,0.286411046121376,0.02022005572544,card,0.02022005572544,card
4774,0.30198166478897476,0.28443375506298973,0.017547909725985023,0.26924634635828265,0.27589918427987986,-0.00665283792159721,cash,0.017547909725985023,cash
4126,0.31104584921500994,0.31454364609307167,-0.003497796878061732,0.306631101846816,0.28589276917996076,0.020738332666855264,card,0.020738332666855264,card
8744,0.3232856234060567,0.31971024287399674,0.0035753805320599685,0.296177332181284,0.2721090633936175,0.02406826878766649,card,0.02406826878766649,card
8168,0.30198166478897476,0.28443375506298973,0.017547909725985023,0.26924634635828265,0.27589918427987986,-0.00665283792159721,cash,0.017547909725985023,cash
6313,0.30198166478897476,0.28443375506298973,0.017547909725985023,0.26924634635828265,0.27589918427987986,-0.00665283792159721,cash,0.017547909725985023,cash
5808,0.3421068211158548,0.31895809358201666,0.02314872753383812,0.296177332181284,0.26988710995791715,0.026290222223366855,card,0.026290222223366855,card
4014,0.3503831459283605,0.3019583964387562,0.04842474948960429,0.28709606507090984,0.2692398199411262,0.01785624512978362,cash,0.04842474948960429,cash
5989,0.3082305874874605,0.31895809358201666,-0.010727506094556138,0.296177332181284,0.27954920724122556,0.016628124940058442,card,0.016628124940058442,card
6530,0.2832222700989983,0.2913984566179766,-0.008176186518978279,0.28740102270028123,0.27692384118215774,0.01047718151812349,card,0.01047718151812349,card
7950,0.3421068211158548,0.3271438238381926,0.014962997277662149,0.31536423590757445,0.26988710995791715,0.045477125949657304,card,0.045477125949657304,card
2125,0.3503831459283605,0.29767639015435476,0.05270675577400574,0.2973647289818425,0.2692398199411262,0.028124909040716295,cash,0.05270675577400574,cash
4509,0.3014792899805651,0.2809990727057758,0.020480217274789325,0.27912654340730697,0.2958341798919219,-0.01670763648461493,cash,0.020480217274789325,cash
1541,0.31104584921500994,0.29767639015435476,0.013369459060655176,0.2973647289818425,0.28589276917996076,0.01147195980188176,cash,0.013369459060655176,cash
8516,0.30198166478897476,0.28443375506298973,0.017547909725985023,0.26924634635828265,0.27589918427987986,-0.00665283792159721,cash,0.017547909725985023,cash
7563,0.2832222700989983,0.28443375506298973,-0.0012114849639914271,0.26924634635828265,0.27692384118215774,-0.007677494823875086,cash,-0.0012114849639914271,no_call
7615,0.3421068211158548,0.3019583964387562,0.04014842467709856,0.28709606507090984,0.26988710995791715,0.017208955112992697,cash,0.04014842467709856,cash
4741,0.3310642245986498,0.29767639015435476,0.03338783444429505,0.2973647289818425,0.31046996111351616,-0.013105232131673639,cash,0.03338783444429505,cash
2568,0.3421068211158548,0.32638257664914866,0.015724244466706117,0.31536423590757445,0.26988710995791715,0.045477125949657304,card,0.045477125949657304,card
2046,0.33120226390001645,0.3019583964387562,0.02924386746126023,0.28709606507090984,0.26874091332864347,0.018355151742266373,cash,0.02924386746126023,cash
4840,0.3469772287879512,0.29767639015435476,0.04930083863359641,0.2973647289818425,0.2790287100960809,0.01833601888576164,cash,0.04930083863359641,cash
3328,0.3421068211158548,0.31895809358201666,0.02314872753383812,0.3162307532252393,0.26988710995791715,0.046343643267322154,card,0.046343643267322154,card
3138,0.3469772287879512,0.31895809358201666,0.02801913520593452,0.296177332181284,0.2790287100960809,0.017148622085203125,cash,0.02801913520593452,cash
1206,0.33120226390001645,0.31895809358201666,0.012244170317999792,0.296177332181284,0.26874091332864347,0.02743641885264053,card,0.02743641885264053,card
3817,0.2832222700989983,0.2888552884643508,-0.005633018365352516,0.27837436170364827,0.27692384118215774,0.0014505205214905281,card,0.0014505205214905281,card
6751,0.3503831459283605,0.31529020477374486,0.03509294115461564,0.3270634103794974,0.2692398199411262,0.05782359043837115,card,0.05782359043837115,card
7628,0.3300386613440034,0.32367355058688035,0.006365110757123038,0.3403339637766557,0.27024897526598024,0.07008498851067546,card,0.07008498851067546,card
4121,0.3503831459283605,0.31529020477374486,0.03509294115461564,0.3270634103794974,0.2692398199411262,0.05782359043837115,card,0.05782359043837115,card
8661,0.2832222700989983,0.28443375506298973,-0.0012114849639914271,0.26924634635828265,0.27692384118215774,-0.007677494823875086,cash,-0.0012114849639914271,no_call
5589,0.2832222700989983,0.28030047079389003,0.0029217993051082747,0.27912654340730697,0.27692384118215774,0.0022027022251492334,cash,0.0029217993051082747,cash
6616,0.35514823156162795,0.31971024287399674,0.035437988687631206,0.296177332181284,0.31618967650073926,-0.020012344319455255,cash,0.035437988687631206,cash
1915,0.2832222700989983,0.28443375506298973,-0.0012114849639914271,0.26924634635828265,0.27692384118215774,-0.007677494823875086,cash,-0.0012114849639914271,no_call
4494,0.2648295870527246,0.28030047079389003,-0.015470883741165453,0.27912654340730697,0.29438770693035393,-0.015261163523046961,card,-0.015261163523046961,no_call
7148,0.3503831459283605,0.31971024287399674,0.030672903054363765,0.296177332181284,0.2692398199411262,0.02693751224015778,cash,0.030672903054363765,cash
1345,0.294455964413194,0.28030047079389003,0.01415549361930396,0.27912654340730697,0.27932278053794385,-0.0001962371306368782,cash,0.01415549361930396,cash
2537,0.33120226390001645,0.31529020477374486,0.015912059126271583,0.306631101846816,0.26874091332864347,0.03789018851817255,card,0.03789018851817255,card
1711,0.2832222700989983,0.28443375506298973,-0.0012114849639914271,0.26924634635828265,0.27692384118215774,-0.007677494823875086,cash,-0.0012114849639914271,no_call
243,0.31104584921500994,0.31529020477374486,-0.004244355558734925,0.306631101846816,0.28589276917996076,0.020738332666855264,card,0.020738332666855264,card
613,0.34224264473001975,0.31454364609307167,0.02769899863694808,0.306631101846816,0.2726118917964195,0.03401921005039654,card,0.03401921005039654,card
3727,0.33120226390001645,0.31971024287399674,0.011492021026019705,0.296177332181284,0.26874091332864347,0.02743641885264053,card,0.02743641885264053,card
2284,0.3421068211158548,0.31971024287399674,0.022396578241858034,0.3162307532252393,0.26988710995791715,0.046343643267322154,card,0.046343643267322154,card
1453,0.3278886870520102,0.31971024287399674,0.008178444178013444,0.296177332181284,0.2785185778965819,0.017658754284702094,card,0.017658754284702094,card
8241,0.3615777965908932,0.31529020477374486,0.04628759181714831,0.306631101846816,0.27038735764640115,0.036243744200414874,cash,0.04628759181714831,cash
8201,0.3503831459283605,0.3423168865731469,0.0080662593552136,0.29553822720957185,0.2692398199411262,0.026298407268445623,card,0.026298407268445623,card
275,0.3615777965908932,0.31971024287399674,0.04186755371689643,0.296177332181284,0.27038735764640115,0.025789974534882854,cash,0.04186755371689643,cash
7291,0.3278886870520102,0.3019583964387562,0.02593029061325397,0.28709606507090984,0.2785185778965819,0.008577487174327936,cash,0.02593029061325397,cash
863,0.30198166478897476,0.28443375506298973,0.017547909725985023,0.26924634635828265,0.27589918427987986,-0.00665283792159721,cash,0.017547909725985023,cash
5395,0.3232856234060567,0.3019583964387562,0.021327226967300494,0.28709606507090984,0.2721090633936175,0.014987001677292333,cash,0.021327226967300494,cash
6651,0.3421068211158548,0.31971024287399674,0.022396578241858034,0.3162307532252393,0.26988710995791715,0.046343643267322154,card,0.046343643267322154,card
5360,0.3232856234060567,0.3019583964387562,0.021327226967300494,0.28709606507090984,0.2721090633936175,0.014987001677292333,cash,0.021327226967300494,cash
7239,0.2832222700989983,0.28443375506298973,-0.0012114849639914271,0.26924634635828265,0.27692384118215774,-0.007677494823875086,cash,-0.0012114849639914271,no_call
5803,0.3278886870520102,0.3012295176263492,0.02665916942566099,0.28709606507090984,0.2785185778965819,0.008577487174327936,cash,0.02665916942566099,cash
5759,0.2648295870527246,0.2872045856349517,-0.022374998582227135,0.2976760396530137,0.29438770693035393,0.0032883327226597703,card,0.0032883327226597703,card
2852,0.31104584921500994,0.29695345035176324,0.014092398863246702,0.2973647289818425,0.28589276917996076,0.01147195980188176,cash,0.014092398863246702,cash
3175,0.30198166478897476,0.28791351115009073,0.014068153638884029,0.2976760396530137,0.27589918427987986,0.02177685537313384,card,0.02177685537313384,card
6618,0.3421068211158548,0.3271438238381926,0.014962997277662149,0.31536423590757445,0.26988710995791715,0.045477125949657304,card,0.045477125949657304,card
1384,0.3615777965908932,0.31971024287399674,0.04186755371689643,0.296177332181284,0.27038735764640115,0.025789974534882854,cash,0.04186755371689643,cash
4116,0.2832222700989983,0.28443375506298973,-0.0012114849639914271,0.26924634635828265,0.27692384118215774,-0.007677494823875086,cash,-0.0012114849639914271,no_call
849,0.33120226390001645,0.32390746519504005,0.007294798704976402,0.2864685801559874,0.26874091332864347,0.017727666827343946,card,0.017727666827343946,card
6943,0.31104584921500994,0.3226697606601293,-0.011623911445119373,0.32618136985782265,0.28589276917996076,0.040288600677861885,card,0.040288600677861885,card
5458,0.33120226390001645,0.29767639015435476,0.03352587374566168,0.31746228286522615,0.26874091332864347,0.04872136953658268,card,0.04872136953658268,card
6072,0.33120226390001645,0.3414652117772702,-0.010262947877253736,0.30394761256561054,0.26874091332864347,0.035206699236967065,card,0.035206699236967065,card
5821,0.3503831459283605,0.3012295176263492,0.04915362830201131,0.28709606507090984,0.2692398199411262,0.01785624512978362,cash,0.04915362830201131,cash
5115,0.3615777965908932,0.3091668082281294,0.052410988362763755,0.32635870088119145,0.27038735764640115,0.055971343234790305,card,0.055971343234790305,card
4971,0.33120226390001645,0.3012295176263492,0.02997274627366725,0.28709606507090984,0.26874091332864347,0.018355151742266373,cash,0.02997274627366725,cash
2353,0.307841109541828,0.29695345035176324,0.010887659190064736,0.2973647289818425,0.2960418383550229,0.0013228906268196172,cash,0.010887659190064736,cash
7532,0.3503831459283605,0.29767639015435476,0.05270675577400574,0.2973647289818425,0.2692398199411262,0.028124909040716295,cash,0.05270675577400574,cash
1220,0.30198166478897476,0.2913984566179766,0.01058320817099817,0.28740102270028123,0.27589918427987986,0.011501838420401367,card,0.011501838420401367,card
1007,0.311437557394592,0.31454364609307167,-0.00310608869847967,0.3270634103794974,0.26974888894509436,0.05731452143440302,card,0.05731452143440302,card
8031,0.3421068211158548,0.3271438238381926,0.014962997277662149,0.33609639619565823,0.26988710995791715,0.06620928623774108,card,0.06620928623774108,card
4635,0.33120226390001645,0.29767639015435476,0.03352587374566168,0.31746228286522615,0.26874091332864347,0.04872136953658268,card,0.04872136953658268,card
7883,0.3503831459283605,0.36793638151136604,-0.017553235583005533,0.3336824152393269,0.2692398199411262,0.06444259529820068,card,0.06444259529820068,card
4021,0.2832222700989983,0.30160048418676005,-0.018378214087761746,0.2779831606625721,0.27692384118215774,0.001059319480414378,card,0.001059319480414378,card
2575,0.311437557394592,0.3084282176015052,0.003009339793086818,0.3059504011886017,0.26974888894509436,0.03620151224350732,card,0.03620151224350732,card
6116,0.3503831459283605,0.31529020477374486,0.03509294115461564,0.306631101846816,0.2692398199411262,0.0373912819056898,card,0.0373912819056898,card
1498,0.31104584921500994,0.31454364609307167,-0.003497796878061732,0.306631101846816,0.28589276917996076,0.020738332666855264,card,0.020738332666855264,card
8846,0.3503831459283605,0.29767639015435476,0.05270675577400574,0.2973647289818425,0.2692398199411262,0.028124909040716295,cash,0.05270675577400574,cash
7303,0.3503831459283605,0.31971024287399674,0.030672903054363765,0.296177332181284,0.2692398199411262,0.02693751224015778,cash,0.030672903054363765,cash
683,0.3278886870520102,0.3019583964387562,0.02593029061325397,0.28709606507090984,0.2785185778965819,0.008577487174327936,cash,0.02593029061325397,cash
3719,0.3483163867853289,0.31971024287399674,0.02860614391133215,0.296177332181284,0.2804784990905278,0.015698833090756203,cash,0.02860614391133215,cash
3492,0.3615777965908932,0.31529020477374486,0.04628759181714831,0.3270634103794974,0.27038735764640115,0.05667605273309623,card,0.05667605273309623,card
4342,0.311437557394592,0.3012295176263492,0.010208039768242805,0.28709606507090984,0.26974888894509436,0.01734717612581549,card,0.01734717612581549,card
4110,0.3503831459283605,0.326918666189751,0.02346447973860949,0.3058362470322117,0.2692398199411262,0.03659642709108546,card,0.03659642709108546,card
8205,0.30198166478897476,0.28443375506298973,0.017547909725985023,0.26924634635828265,0.27589918427987986,-0.00665283792159721,cash,0.017547909725985023,cash
4429,0.3213048875136459,0.2851385771225995,0.0361663103910464,0.26924634635828265,0.27831835145317074,-0.009072005094888091,cash,0.0361663103910464,cash
5816,0.3278886870520102,0.31971024287399674,0.008178444178013444,0.296177332181284,0.2785185778965819,0.017658754284702094,card,0.017658754284702094,card
7137,0.2832222700989983,0.2872045856349517,-0.003982315535953407,0.2976760396530137,0.27692384118215774,0.020752198470855965,card,0.020752198470855965,card
8864,0.30198166478897476,0.2809990727057758,0.02098259208319897,0.27912654340730697,0.27589918427987986,0.0032273591274271096,cash,0.02098259208319897,cash
4980,0.2648295870527246,0.28468331439436456,-0.019853727341639982,0.28845729645304885,0.29438770693035393,-0.005930410477305081,card,-0.005930410477305081,no_call
4006,0.3300386613440034,0.32638257664914866,0.003656084694854733,0.31536423590757445,0.27024897526598024,0.04511526064159421,card,0.04511526064159421,card
5271,0.33120226390001645,0.3019583964387562,0.02924386746126023,0.28709606507090984,0.26874091332864347,0.018355151742266373,cash,0.02924386746126023,cash
8919,0.3112259296962449,0.29695345035176324,0.01427247934448167,0.2973647289818425,0.2962449617863958,0.001119767195446708,cash,0.01427247934448167,cash
3740,0.2832222700989983,0.28443375506298973,-0.0012114849639914271,0.26924634635828265,0.27692384118215774,-0.007677494823875086,cash,-0.0012114849639914271,no_call
716,0.35514823156162795,0.3019583964387562,0.05318983512287173,0.28709606507090984,0.31618967650073926,-0.029093611429829414,cash,0.05318983512287173,cash
6874,0.3615777965908932,0.31529020477374486,0.04628759181714831,0.3270634103794974,0.27038735764640115,0.05667605273309623,card,0.05667605273309623,card
2549,0.33731538326732624,0.3012295176263492,0.036085865640977044,0.28709606507090984,0.27930452888180324,0.007791536189106607,cash,0.036085865640977044,cash
2999,0.33120226390001645,0.31529020477374486,0.015912059126271583,0.306631101846816,0.26874091332864347,0.03789018851817255,card,0.03789018851817255,card
8943,0.3421068211158548,0.31529020477374486,0.02681661634210991,0.306631101846816,0.26988710995791715,0.036743991888898875,card,0.036743991888898875,card
7814,0.3421068211158548,0.3012295176263492,0.04087730348950558,0.28709606507090984,0.26988710995791715,0.017208955112992697,cash,0.04087730348950558,cash
7702,0.33120226390001645,0.29695345035176324,0.03424881354825321,0.2973647289818425,0.26874091332864347,0.028623815653199047,cash,0.03424881354825321,cash
843,0.2832222700989983,0.28030047079389003,0.0029217993051082747,0.27912654340730697,0.27692384118215774,0.0022027022251492334,cash,0.0029217993051082747,cash
7142,0.33120226390001645,0.3012295176263492,0.02997274627366725,0.3068026436475595,0.26874091332864347,0.03806173031891602,card,0.03806173031891602,card
754,0.3615777965908932,0.31529020477374486,0.04628759181714831,0.306631101846816,0.27038735764640115,0.036243744200414874,cash,0.04628759181714831,cash
2089,0.3615777965908932,0.31529020477374486,0.04628759181714831,0.306631101846816,0.27038735764640115,0.036243744200414874,cash,0.04628759181714831,cash
7170,0.2832222700989983,0.28443375506298973,-0.0012114849639914271,0.26924634635828265,0.27692384118215774,-0.007677494823875086,cash,-0.0012114849639914271,no_call
7205,0.2888683561244294,0.29695345035176324,-0.008085094227333833,0.31746228286522615,0.29711060795588295,0.020351674909343198,card,0.020351674909343198,card
4801,0.3035700440111687,0.31454364609307167,-0.010973602081902956,0.306631101846816,0.29981649080715195,0.006814611039664076,card,0.006814611039664076,card
2207,0.35812305094197805,0.3271438238381926,0.030979227103785423,0.31536423590757445,0.28020197172193173,0.03516226418564272,card,0.03516226418564272,card
566,0.3421068211158548,0.326918666189751,0.015188154926103759,0.3403339637766557,0.26988710995791715,0.07044685381873855,card,0.07044685381873855,card
5093,0.3112259296962449,0.3040944328553246,0.007131496840920293,0.31659395344865043,0.2962449617863958,0.020348991662254623,card,0.020348991662254623,card
8628,0.33120226390001645,0.3012295176263492,0.02997274627366725,0.28709606507090984,0.26874091332864347,0.018355151742266373,cash,0.02997274627366725,cash
5432,0.33120226390001645,0.31895809358201666,0.012244170317999792,0.296177332181284,0.26874091332864347,0.02743641885264053,card,0.02743641885264053,card
7980,0.3469772287879512,0.31529020477374486,0.03168702401420631,0.3270634103794974,0.2790287100960809,0.0480347002834165,card,0.0480347002834165,card
6617,0.3421068211158548,0.31971024287399674,0.022396578241858034,0.3162307532252393,0.26988710995791715,0.046343643267322154,card,0.046343643267322154,card
7618,0.35812305094197805,0.31529020477374486,0.042832846168233185,0.306631101846816,0.28020197172193173,0.026429130124884292,cash,0.042832846168233185,cash
2162,0.2832222700989983,0.2913984566179766,-0.008176186518978279,0.28740102270028123,0.27692384118215774,0.01047718151812349,card,0.01047718151812349,card
2467,0.3503831459283605,0.31529020477374486,0.03509294115461564,0.306631101846816,0.2692398199411262,0.0373912819056898,card,0.0373912819056898,card
905,0.29195889535664754,0.29695345035176324,-0.0049945549951156964,0.31746228286522615,0.28693983349509655,0.0305224493701296,card,0.0305224493701296,card
6253,0.2832222700989983,0.28443375506298973,-0.0012114849639914271,0.26924634635828265,0.27692384118215774,-0.007677494823875086,cash,-0.0012114849639914271,no_call
3359,0.30198166478897476,0.28443375506298973,0.017547909725985023,0.26924634635828265,0.27589918427987986,-0.00665283792159721,cash,0.017547909725985023,cash
7194,0.2832222700989983,0.2888552884643508,-0.005633018365352516,0.27837436170364827,0.27692384118215774,0.0014505205214905281,card,0.0014505205214905281,card
614,0.30198166478897476,0.28443375506298973,0.017547909725985023,0.26924634635828265,0.27589918427987986,-0.00665283792159721,cash,0.017547909725985023,cash
3365,0.31104584921500994,0.29695345035176324,0.014092398863246702,0.2973647289818425,0.28589276917996076,0.01147195980188176,cash,0.014092398863246702,cash
3374,0.33120226390001645,0.3268871667458554,0.004315097154161063,0.315930568295045,0.26874091332864347,0.04718965496640154,card,0.04718965496640154,card
8154,0.2648295870527246,0.28030047079389003,-0.015470883741165453,0.27912654340730697,0.29438770693035393,-0.015261163523046961,card,-0.015261163523046961,no_call
2388,0.33120226390001645,0.3271438238381926,0.00405844006182382,0.31536423590757445,0.26874091332864347,0.04662332257893098,card,0.04662332257893098,card
5225,0.33120226390001645,0.31971024287399674,0.011492021026019705,0.3162307532252393,0.26874091332864347,0.04748983989659583,card,0.04748983989659583,card
4189,0.3503831459283605,0.3019583964387562,0.04842474948960429,0.28709606507090984,0.2692398199411262,0.01785624512978362,cash,0.04842474948960429,cash
3005,0.36640925434068883,0.3019583964387562,0.06445085790193261,0.3068026436475595,0.3174503923997334,-0.010647748752173891,cash,0.06445085790193261,cash
5860,0.3421068211158548,0.31971024287399674,0.022396578241858034,0.296177332181284,0.26988710995791715,0.026290222223366855,card,0.026290222223366855,card
670,0.3449198926966933,0.31971024287399674,0.025209649822696578,0.296177332181284,0.2905135566780022,0.005663775503281787,cash,0.025209649822696578,cash
7741,0.30186422930004736,0.28443375506298973,0.017430474237057625,0.26924634635828265,0.2793485267543345,-0.010102180396051874,cash,0.017430474237057625,cash
7302,0.2648295870527246,0.28030047079389003,-0.015470883741165453,0.27912654340730697,0.29438770693035393,-0.015261163523046961,card,-0.015261163523046961,no_call
8937,0.3503831459283605,0.31895809358201666,0.03142505234634385,0.296177332181284,0.2692398199411262,0.02693751224015778,cash,0.03142505234634385,cash
3922,0.2648295870527246,0.28030047079389003,-0.015470883741165453,0.27912654340730697,0.29438770693035393,-0.015261163523046961,card,-0.015261163523046961,no_call
8204,0.35812305094197805,0.31971024287399674,0.03841280806798131,0.296177332181284,0.28020197172193173,0.015975360459352272,cash,0.03841280806798131,cash
1943,0.28285147170376607,0.28030047079389003,0.0025510009098760333,0.27912654340730697,0.2933246446645549,-0.014198101257247908,cash,0.0025510009098760333,cash
7177,0.28285147170376607,0.28030047079389003,0.0025510009098760333,0.27912654340730697,0.2933246446645549,-0.014198101257247908,cash,0.0025510009098760333,cash
8755,0.32632921140484483,0.29695345035176324,0.029375761053081595,0.31746228286522615,0.29657087290646045,0.020891409958765705,cash,0.029375761053081595,cash
7228,0.33120226390001645,0.29767639015435476,0.03352587374566168,0.2973647289818425,0.26874091332864347,0.028623815653199047,cash,0.03352587374566168,cash
3833,0.3503831459283605,0.3019583964387562,0.04842474948960429,0.28709606507090984,0.2692398199411262,0.01785624512978362,cash,0.04842474948960429,cash
1338,0.294455964413194,0.28443375506298973,0.010022209350204259,0.26924634635828265,0.27932278053794385,-0.010076434179661198,cash,0.010022209350204259,cash
4289,0.31104584921500994,0.31529020477374486,-0.004244355558734925,0.306631101846816,0.28589276917996076,0.020738332666855264,card,0.020738332666855264,card
4327,0.3685226600768113,0.32506361208198103,0.04345904799483025,0.3607455693238763,0.30535897761759456,0.05538659170628174,card,0.05538659170628174,card
5842,0.32673103870969195,0.31895809358201666,0.00777294512767529,0.296177332181284,0.28006049437916997,0.016116837802114037,card,0.016116837802114037,card
2343,0.33120226390001645,0.29695345035176324,0.03424881354825321,0.2973647289818425,0.26874091332864347,0.028623815653199047,cash,0.03424881354825321,cash
4217,0.3200133519656302,0.3019583964387562,0.018054955526873973,0.28709606507090984,0.2819620210453312,0.005134044025578655,cash,0.018054955526873973,cash
727,0.2832222700989983,0.28443375506298973,-0.0012114849639914271,0.26924634635828265,0.27692384118215774,-0.007677494823875086,cash,-0.0012114849639914271,no_call
5353,0.32963475782189433,0.31529020477374486,0.014344553048149467,0.306631101846816,0.286411046121376,0.02022005572544,card,0.02022005572544,card
5212,0.31104584921500994,0.29695345035176324,0.014092398863246702,0.2973647289818425,0.28589276917996076,0.01147195980188176,cash,0.014092398863246702,cash
3066,0.34051398250756326,0.31529020477374486,0.025223777733818398,0.306631101846816,0.28760296634391447,0.019028135502901555,cash,0.025223777733818398,cash
512,0.30198166478897476,0.28443375506298973,0.017547909725985023,0.26924634635828265,0.27589918427987986,-0.00665283792159721,cash,0.017547909725985023,cash
6774,0.311437557394592,0.3040944328553246,0.007343124539267387,0.31659395344865043,0.26974888894509436,0.04684506450355608,card,0.04684506450355608,card
5122,0.2832222700989983,0.28443375506298973,-0.0012114849639914271,0.26924634635828265,0.27692384118215774,-0.007677494823875086,cash,-0.0012114849639914271,no_call
2802,0.3469772287879512,0.3012295176263492,0.04574771116160198,0.3068026436475595,0.2790287100960809,0.027773933551478613,cash,0.04574771116160198,cash
7704,0.30198166478897476,0.28443375506298973,0.017547909725985023,0.26924634635828265,0.27589918427987986,-0.00665283792159721,cash,0.017547909725985023,cash
3356,0.3503831459283605,0.31971024287399674,0.030672903054363765,0.296177332181284,0.2692398199411262,0.02693751224015778,cash,0.030672903054363765,cash
3808,0.30198166478897476,0.28443375506298973,0.017547909725985023,0.26924634635828265,0.27589918427987986,-0.00665283792159721,cash,0.017547909725985023,cash
1853,0.3503831459283605,0.326918666189751,0.02346447973860949,0.3403339637766557,0.2692398199411262,0.07109414383552948,card,0.07109414383552948,card
4966,0.311437557394592,0.31454364609307167,-0.00310608869847967,0.306631101846816,0.26974888894509436,0.03688221290172167,card,0.03688221290172167,card
252,0.35812305094197805,0.3377394733973495,0.02038357754462855,0.3059792459340628,0.28020197172193173,0.02577727421213105,card,0.02577727421213105,card
3511,0.33120226390001645,0.31895809358201666,0.012244170317999792,0.296177332181284,0.26874091332864347,0.02743641885264053,card,0.02743641885264053,card
2460,0.33120226390001645,0.3219139435042277,0.009288320395788752,0.3472639538972331,0.26874091332864347,0.07852304056858961,card,0.07852304056858961,card
3295,0.33120226390001645,0.3019583964387562,0.02924386746126023,0.28709606507090984,0.26874091332864347,0.018355151742266373,cash,0.02924386746126023,cash
2784,0.3665385518435659,0.32955471800647795,0.03698383383708792,0.32823017276390737,0.341244559261164,-0.013014386497256614,cash,0.03698383383708792,cash
8609,0.33120226390001645,0.3019583964387562,0.02924386746126023,0.28709606507090984,0.26874091332864347,0.018355151742266373,cash,0.02924386746126023,cash
4066,0.3615777965908932,0.3423168865731469,0.01926091001774627,0.31556777769746147,0.27038735764640115,0.04518042005106032,card,0.04518042005106032,card
4532,0.30198166478897476,0.29897314958755916,0.003008515201415596,0.2968944585094074,0.27589918427987986,0.020995274229527516,card,0.020995274229527516,card
8299,0.33120226390001645,0.3012295176263492,0.02997274627366725,0.28709606507090984,0.26874091332864347,0.018355151742266373,cash,0.02997274627366725,cash
5770,0.3213048875136459,0.28443375506298973,0.03687113245065615,0.26924634635828265,0.27831835145317074,-0.009072005094888091,cash,0.03687113245065615,cash
1727,0.2832222700989983,0.28030047079389003,0.0029217993051082747,0.27912654340730697,0.27692384118215774,0.0022027022251492334,cash,0.0029217993051082747,cash
6303,0.2832222700989983,0.2913984566179766,-0.008176186518978279,0.28740102270028123,0.27692384118215774,0.01047718151812349,card,0.01047718151812349,card
5506,0.30198166478897476,0.2888552884643508,0.013126376324623934,0.27837436170364827,0.27589918427987986,0.0024751774237684043,cash,0.013126376324623934,cash
6318,0.3278886870520102,0.3012295176263492,0.02665916942566099,0.28709606507090984,0.2785185778965819,0.008577487174327936,cash,0.02665916942566099,cash
381,0.294455964413194,0.28443375506298973,0.010022209350204259,0.26924634635828265,0.27932278053794385,-0.010076434179661198,cash,0.010022209350204259,cash
6723,0.3082305874874605,0.3012295176263492,0.00700106986111132,0.28709606507090984,0.27954920724122556,0.007546857829684284,card,0.007546857829684284,card
2995,0.30198166478897476,0.2913984566179766,0.01058320817099817,0.28740102270028123,0.27589918427987986,0.011501838420401367,card,0.011501838420401367,card
1313,0.36640925434068883,0.3423168865731469,0.024092367767541922,0.29553822720957185,0.3174503923997334,-0.021912165190161537,cash,0.024092367767541922,cash
7685,0.3021587990724762,0.28443375506298973,0.01772504400948649,0.26924634635828265,0.28603445435805624,-0.016788107999773594,cash,0.01772504400948649,cash
7419,0.311437557394592,0.3012295176263492,0.010208039768242805,0.28709606507090984,0.26974888894509436,0.01734717612581549,card,0.01734717612581549,card
3848,0.28285147170376607,0.28030047079389003,0.0025510009098760333,0.27912654340730697,0.2933246446645549,-0.014198101257247908,cash,0.0025510009098760333,cash
6281,0.3421068211158548,0.31454364609307167,0.027563175022783104,0.306631101846816,0.26988710995791715,0.036743991888898875,card,0.036743991888898875,card
8425,0.33120226390001645,0.3019583964387562,0.02924386746126023,0.28709606507090984,0.26874091332864347,0.018355151742266373,cash,0.02924386746126023,cash
291,0.30198166478897476,0.28443375506298973,0.017547909725985023,0.26924634635828265,0.27589918427987986,-0.00665283792159721,cash,0.017547909725985023,cash
916,0.3469772287879512,0.31529020477374486,0.03168702401420631,0.306631101846816,0.2790287100960809,0.027602391750735145,cash,0.03168702401420631,cash
3368,0.35185536277700385,0.31971024287399674,0.03214511990300711,0.296177332181284,0.2924474646112024,0.003729867570081591,cash,0.03214511990300711,cash
2958,0.31104584921500994,0.3335061257173526,-0.02246027650234267,0.3262989856397057,0.28589276917996076,0.04040621645974496,card,0.04040621645974496,card
147,0.33120226390001645,0.31529020477374486,0.015912059126271583,0.3270634103794974,0.26874091332864347,0.058322497050853905,card,0.058322497050853905,card
3562,0.3082305874874605,0.3012295176263492,0.00700106986111132,0.28709606507090984,0.27954920724122556,0.007546857829684284,card,0.007546857829684284,card
2112,0.29396083680971674,0.28030047079389003,0.013660366015826708,0.27912654340730697,0.29940286345080985,-0.020276320043502882,cash,0.013660366015826708,cash
3929,0.33120226390001645,0.31529020477374486,0.015912059126271583,0.306631101846816,0.26874091332864347,0.03789018851817255,card,0.03789018851817255,card
3641,0.28285147170376607,0.28030047079389003,0.0025510009098760333,0.27912654340730697,0.2933246446645549,-0.014198101257247908,cash,0.0025510009098760333,cash
7453,0.33120226390001645,0.31971024287399674,0.011492021026019705,0.296177332181284,0.26874091332864347,0.02743641885264053,card,0.02743641885264053,card
7556,0.307841109541828,0.29695345035176324,0.010887659190064736,0.2973647289818425,0.2960418383550229,0.0013228906268196172,cash,0.010887659190064736,cash
6904,0.3278886870520102,0.31971024287399674,0.008178444178013444,0.296177332181284,0.2785185778965819,0.017658754284702094,card,0.017658754284702094,card
783,0.32963475782189433,0.34452412471038263,-0.014889366888488298,0.3343648558238826,0.286411046121376,0.04795380970250657,card,0.04795380970250657,card
532,0.2832222700989983,0.28443375506298973,-0.0012114849639914271,0.26924634635828265,0.27692384118215774,-0.007677494823875086,cash,-0.0012114849639914271,no_call
60,0.33120226390001645,0.3019583964387562,0.02924386746126023,0.28709606507090984,0.26874091332864347,0.018355151742266373,cash,0.02924386746126023,cash
4120,0.30198166478897476,0.29897314958755916,0.003008515201415596,0.2968944585094074,0.27589918427987986,0.020995274229527516,card,0.020995274229527516,card
810,0.28285147170376607,0.28030047079389003,0.0025510009098760333,0.27912654340730697,0.2933246446645549,-0.014198101257247908,cash,0.0025510009098760333,cash
7169,0.30198166478897476,0.29211349173985596,0.0098681730491188,0.28740102270028123,0.27589918427987986,0.011501838420401367,card,0.011501838420401367,card
3543,0.33120226390001645,0.3019583964387562,0.02924386746126023,0.28709606507090984,0.26874091332864347,0.018355151742266373,cash,0.02924386746126023,cash
2333,0.30198166478897476,0.33541233507966234,-0.03343067029068758,0.3175518190572816,0.27589918427987986,0.04165263477740172,card,0.04165263477740172,card
1937,0.3503831459283605,0.3271438238381926,0.02323932209016788,0.31536423590757445,0.2692398199411262,0.04612441596644823,card,0.04612441596644823,card
1869,0.28285147170376607,0.28030047079389003,0.0025510009098760333,0.27912654340730697,0.2933246446645549,-0.014198101257247908,cash,0.0025510009098760333,cash
6497,0.33120226390001645,0.31971024287399674,0.011492021026019705,0.296177332181284,0.26874091332864347,0.02743641885264053,card,0.02743641885264053,card
6310,0.3469772287879512,0.31971024287399674,0.027266985913954433,0.296177332181284,0.2790287100960809,0.017148622085203125,cash,0.027266985913954433,cash
3603,0.38506312779455737,0.34109964049049823,0.043963487304059135,0.346476624615296,0.29294286567665684,0.05353375893863915,card,0.05353375893863915,card
1460,0.2832222700989983,0.2888552884643508,-0.005633018365352516,0.27837436170364827,0.27692384118215774,0.0014505205214905281,card,0.0014505205214905281,card
3786,0.33120226390001645,0.31529020477374486,0.015912059126271583,0.306631101846816,0.26874091332864347,0.03789018851817255,card,0.03789018851817255,card
3898,0.33120226390001645,0.3019583964387562,0.02924386746126023,0.28709606507090984,0.26874091332864347,0.018355151742266373,cash,0.02924386746126023,cash
1964,0.33120226390001645,0.3019583964387562,0.02924386746126023,0.28709606507090984,0.26874091332864347,0.018355151742266373,cash,0.02924386746126023,cash
6164,0.33120226390001645,0.31529020477374486,0.015912059126271583,0.306631101846816,0.26874091332864347,0.03789018851817255,card,0.03789018851817255,card
7858,0.28285147170376607,0.2872045856349517,-0.004353113931185648,0.2976760396530137,0.2933246446645549,0.004351394988458823,card,0.004351394988458823,card
3512,0.3421068211158548,0.3423168865731469,-0.0002100654572921301,0.29553822720957185,0.26988710995791715,0.025651117251654698,card,0.025651117251654698,card
1845,0.33120226390001645,0.3019583964387562,0.02924386746126023,0.28709606507090984,0.26874091332864347,0.018355151742266373,cash,0.02924386746126023,cash
926,0.33120226390001645,0.3019583964387562,0.02924386746126023,0.28709606507090984,0.26874091332864347,0.018355151742266373,cash,0.02924386746126023,cash
5445,0.2832222700989983,0.28443375506298973,-0.0012114849639914271,0.26924634635828265,0.27692384118215774,-0.007677494823875086,cash,-0.0012114849639914271,no_call
8253,0.2832222700989983,0.28443375506298973,-0.0012114849639914271,0.26924634635828265,0.27692384118215774,-0.007677494823875086,cash,-0.0012114849639914271,no_call
6489,0.2648295870527246,0.28030047079389003,-0.015470883741165453,0.27912654340730697,0.29438770693035393,-0.015261163523046961,card,-0.015261163523046961,no_call
1165,0.3469772287879512,0.3012295176263492,0.04574771116160198,0.28709606507090984,0.2790287100960809,0.008067354974828966,cash,0.04574771116160198,cash
5170,0.3421068211158548,0.31971024287399674,0.022396578241858034,0.296177332181284,0.26988710995791715,0.026290222223366855,card,0.026290222223366855,card
4641,0.3469772287879512,0.31971024287399674,0.027266985913954433,0.296177332181284,0.2790287100960809,0.017148622085203125,cash,0.027266985913954433,cash
5056,0.3421068211158548,0.31971024287399674,0.022396578241858034,0.296177332181284,0.26988710995791715,0.026290222223366855,card,0.026290222223366855,card
9069,0.3615777965908932,0.32638257664914866,0.035195219941744516,0.33609639619565823,0.27038735764640115,0.06570903854925708,card,0.06570903854925708,card
1391,0.2832222700989983,0.28443375506298973,-0.0012114849639914271,0.26924634635828265,0.27692384118215774,-0.007677494823875086,cash,-0.0012114849639914271,no_call
3049,0.29195889535664754,0.31454364609307167,-0.02258475073642413,0.306631101846816,0.28693983349509655,0.01969126835171947,card,0.01969126835171947,card
7881,0.31104584921500994,0.29767639015435476,0.013369459060655176,0.2973647289818425,0.28589276917996076,0.01147195980188176,cash,0.013369459060655176,cash
8612,0.2832222700989983,0.28443375506298973,-0.0012114849639914271,0.26924634635828265,0.27692384118215774,-0.007677494823875086,cash,-0.0012114849639914271,no_call
2278,0.3278886870520102,0.31529020477374486,0.012598482278265322,0.3270634103794974,0.2785185778965819,0.04854483248291547,card,0.04854483248291547,card
7724,0.33120226390001645,0.29767639015435476,0.03352587374566168,0.2973647289818425,0.26874091332864347,0.028623815653199047,cash,0.03352587374566168,cash
3736,0.3213048875136459,0.2851385771225995,0.0361663103910464,0.26924634635828265,0.27831835145317074,-0.009072005094888091,cash,0.0361663103910464,cash
5927,0.3483163867853289,0.31529020477374486,0.03302618201158403,0.3270634103794974,0.2804784990905278,0.04658491128896958,card,0.04658491128896958,card
3079,0.32963475782189433,0.31529020477374486,0.014344553048149467,0.3270634103794974,0.286411046121376,0.040652364258121354,card,0.040652364258121354,card
2971,0.2832222700989983,0.28443375506298973,-0.0012114849639914271,0.26924634635828265,0.27692384118215774,-0.007677494823875086,cash,-0.0012114849639914271,no_call
7295,0.31104584921500994,0.29767639015435476,0.013369459060655176,0.31746228286522615,0.28589276917996076,0.031569513685265393,card,0.031569513685265393,card
8948,0.30198166478897476,0.29211349173985596,0.0098681730491188,0.28740102270028123,0.27589918427987986,0.011501838420401367,card,0.011501838420401367,card
8252,0.33120226390001645,0.31895809358201666,0.012244170317999792,0.3162307532252393,0.26874091332864347,0.04748983989659583,card,0.04748983989659583,card
6133,0.3503831459283605,0.3019583964387562,0.04842474948960429,0.28709606507090984,0.2692398199411262,0.01785624512978362,cash,0.04842474948960429,cash
2153,0.3503831459283605,0.31971024287399674,0.030672903054363765,0.296177332181284,0.2692398199411262,0.02693751224015778,cash,0.030672903054363765,cash
591,0.33120226390001645,0.3012295176263492,0.02997274627366725,0.3068026436475595,0.26874091332864347,0.03806173031891602,card,0.03806173031891602,card
1544,0.3421068211158548,0.31454364609307167,0.027563175022783104,0.306631101846816,0.26988710995791715,0.036743991888898875,card,0.036743991888898875,card
7345,0.33731538326732624,0.31971024287399674,0.0176051403933295,0.296177332181284,0.27930452888180324,0.016872803299480765,cash,0.0176051403933295,cash
8942,0.31104584921500994,0.31529020477374486,-0.004244355558734925,0.306631101846816,0.28589276917996076,0.020738332666855264,card,0.020738332666855264,card
2850,0.311437557394592,0.3012295176263492,0.010208039768242805,0.28709606507090984,0.26974888894509436,0.01734717612581549,card,0.01734717612581549,card
3401,0.3339711873688574,0.3377394733973495,-0.003768286028492107,0.3059792459340628,0.2893144727465287,0.016664773187534065,card,0.016664773187534065,card
2523,0.35514823156162795,0.31224918838746213,0.04289904317416582,0.3186110108761988,0.31618967650073926,0.0024213343754595495,cash,0.04289904317416582,cash
5593,0.3421068211158548,0.31895809358201666,0.02314872753383812,0.3162307532252393,0.26988710995791715,0.046343643267322154,card,0.046343643267322154,card
5079,0.30198166478897476,0.2809990727057758,0.02098259208319897,0.27912654340730697,0.27589918427987986,0.0032273591274271096,cash,0.02098259208319897,cash
6542,0.2832222700989983,0.28443375506298973,-0.0012114849639914271,0.26924634635828265,0.27692384118215774,-0.007677494823875086,cash,-0.0012114849639914271,no_call
579,0.30198166478897476,0.2958834888263698,0.006098175962604979,0.2968944585094074,0.27589918427987986,0.020995274229527516,card,0.020995274229527516,card
5226,0.3421068211158548,0.31971024287399674,0.022396578241858034,0.296177332181284,0.26988710995791715,0.026290222223366855,card,0.026290222223366855,card
5264,0.3615777965908932,0.3226697606601293,0.03890803593076386,0.32618136985782265,0.27038735764640115,0.055794012211421495,card,0.055794012211421495,card
8319,0.29195889535664754,0.29695345035176324,-0.0049945549951156964,0.2973647289818425,0.28693983349509655,0.010424895486745966,card,0.010424895486745966,card
4981,0.30198166478897476,0.2809990727057758,0.02098259208319897,0.27912654340730697,0.27589918427987986,0.0032273591274271096,cash,0.02098259208319897,cash
6845,0.2648295870527246,0.28030047079389003,-0.015470883741165453,0.27912654340730697,0.29438770693035393,-0.015261163523046961,card,-0.015261163523046961,no_call
6017,0.3278886870520102,0.3019583964387562,0.02593029061325397,0.28709606507090984,0.2785185778965819,0.008577487174327936,cash,0.02593029061325397,cash
3394,0.3503831459283605,0.3019583964387562,0.04842474948960429,0.28709606507090984,0.2692398199411262,0.01785624512978362,cash,0.04842474948960429,cash
8562,0.294455964413194,0.28443375506298973,0.010022209350204259,0.26924634635828265,0.27932278053794385,-0.010076434179661198,cash,0.010022209350204259,cash
4169,0.3503831459283605,0.3500056620570434,0.00037748387131708583,0.3147022409220193,0.2692398199411262,0.04546242098089309,card,0.04546242098089309,card
7491,0.31104584921500994,0.31529020477374486,-0.004244355558734925,0.306631101846816,0.28589276917996076,0.020738332666855264,card,0.020738332666855264,card
4677,0.2832222700989983,0.2913984566179766,-0.008176186518978279,0.28740102270028123,0.27692384118215774,0.01047718151812349,card,0.01047718151812349,card
1151,0.3503831459283605,0.3019583964387562,0.04842474948960429,0.3068026436475595,0.2692398199411262,0.03756282370643327,cash,0.04842474948960429,cash
4039,0.31104584921500994,0.30148760452959067,0.00955824468541927,0.3070454739388819,0.28589276917996076,0.021152704758921115,card,0.021152704758921115,card
1539,0.33731538326732624,0.31971024287399674,0.0176051403933295,0.3162307532252393,0.27930452888180324,0.036926224343436065,card,0.036926224343436065,card
6390,0.33120226390001645,0.31971024287399674,0.011492021026019705,0.296177332181284,0.26874091332864347,0.02743641885264053,card,0.02743641885264053,card
3686,0.30198166478897476,0.28443375506298973,0.017547909725985023,0.26924634635828265,0.27589918427987986,-0.00665283792159721,cash,0.017547909725985023,cash
2079,0.3615777965908932,0.31454364609307167,0.0470341504978215,0.306631101846816,0.27038735764640115,0.036243744200414874,cash,0.0470341504978215,cash
6709,0.2648295870527246,0.28030047079389003,-0.015470883741165453,0.27912654340730697,0.29438770693035393,-0.015261163523046961,card,-0.015261163523046961,no_call
6658,0.2832222700989983,0.28443375506298973,-0.0012114849639914271,0.26924634635828265,0.27692384118215774,-0.007677494823875086,cash,-0.0012114849639914271,no_call
6514,0.3503831459283605,0.3423168865731469,0.0080662593552136,0.29553822720957185,0.2692398199411262,0.026298407268445623,card,0.026298407268445623,card
8264,0.3503831459283605,0.3019583964387562,0.04842474948960429,0.28709606507090984,0.2692398199411262,0.01785624512978362,cash,0.04842474948960429,cash
270,0.2648295870527246,0.28030047079389003,-0.015470883741165453,0.27912654340730697,0.29438770693035393,-0.015261163523046961,card,-0.015261163523046961,no_call
7932,0.3421068211158548,0.3271438238381926,0.014962997277662149,0.31536423590757445,0.26988710995791715,0.045477125949657304,card,0.045477125949657304,card
1956,0.33120226390001645,0.31529020477374486,0.015912059126271583,0.3270634103794974,0.26874091332864347,0.058322497050853905,card,0.058322497050853905,card
8448,0.3615777965908932,0.31971024287399674,0.04186755371689643,0.296177332181284,0.27038735764640115,0.025789974534882854,cash,0.04186755371689643,cash
3086,0.3421068211158548,0.3271438238381926,0.014962997277662149,0.31536423590757445,0.26988710995791715,0.045477125949657304,card,0.045477125949657304,card
3541,0.2832222700989983,0.2888552884643508,-0.005633018365352516,0.27837436170364827,0.27692384118215774,0.0014505205214905281,card,0.0014505205214905281,card
1395,0.311437557394592,0.3311544248040836,-0.01971686740949158,0.36091454899918857,0.26974888894509436,0.09116566005409421,card,0.09116566005409421,card
2759,0.33120226390001645,0.3019583964387562,0.02924386746126023,0.28709606507090984,0.26874091332864347,0.018355151742266373,cash,0.02924386746126023,cash
602,0.33120226390001645,0.31971024287399674,0.011492021026019705,0.3162307532252393,0.26874091332864347,0.04748983989659583,card,0.04748983989659583,card
2962,0.3313884008727011,0.3012295176263492,0.03015888324635191,0.3068026436475595,0.2787144383803398,0.028088205267219668,cash,0.03015888324635191,cash
7166,0.32160589571169934,0.31454364609307167,0.0070622496186276695,0.306631101846816,0.2870834002749674,0.019547701571848597,card,0.019547701571848597,card
2856,0.3421068211158548,0.31529020477374486,0.02681661634210991,0.306631101846816,0.26988710995791715,0.036743991888898875,card,0.036743991888898875,card
6239,0.3503831459283605,0.3019583964387562,0.04842474948960429,0.28709606507090984,0.2692398199411262,0.01785624512978362,cash,0.04842474948960429,cash
1818,0.2832222700989983,0.28443375506298973,-0.0012114849639914271,0.26924634635828265,0.27692384118215774,-0.007677494823875086,cash,-0.0012114849639914271,no_call
5037,0.37995788578299444,0.3414652117772702,0.03849267400572426,0.30394761256561054,0.30659587149052714,-0.002648258924916602,cash,0.03849267400572426,cash
5049,0.29195889535664754,0.31454364609307167,-0.02258475073642413,0.306631101846816,0.28693983349509655,0.01969126835171947,card,0.01969126835171947,card
1785,0.33120226390001645,0.31454364609307167,0.016658617806944775,0.306631101846816,0.26874091332864347,0.03789018851817255,card,0.03789018851817255,card
3408,0.2832222700989983,0.28443375506298973,-0.0012114849639914271,0.26924634635828265,0.27692384118215774,-0.007677494823875086,cash,-0.0012114849639914271,no_call
4566,0.3615777965908932,0.3500056620570434,0.011572134533849754,0.335412202344974,0.27038735764640115,0.06502484469857284,card,0.06502484469857284,card
8305,0.3123735067019548,0.28443375506298973,0.02793975163896506,0.26924634635828265,0.27706434378923545,-0.007817997430952794,cash,0.02793975163896506,cash
1094,0.32963475782189433,0.32244620664216556,0.007188551179728775,0.3164776388805356,0.286411046121376,0.03006659275915957,card,0.03006659275915957,card
8303,0.311437557394592,0.29695345035176324,0.014484107042828764,0.2973647289818425,0.26974888894509436,0.027615840036748163,card,0.027615840036748163,card
1239,0.3483163867853289,0.31971024287399674,0.02860614391133215,0.296177332181284,0.2804784990905278,0.015698833090756203,cash,0.02860614391133215,cash
3677,0.311437557394592,0.3311544248040836,-0.01971686740949158,0.3253596171208649,0.26974888894509436,0.05561072817577056,card,0.05561072817577056,card
2367,0.33120226390001645,0.3019583964387562,0.02924386746126023,0.28709606507090984,0.26874091332864347,0.018355151742266373,cash,0.02924386746126023,cash
5543,0.2648295870527246,0.28030047079389003,-0.015470883741165453,0.27912654340730697,0.29438770693035393,-0.015261163523046961,card,-0.015261163523046961,no_call
774,0.3503831459283605,0.31971024287399674,0.030672903054363765,0.296177332181284,0.2692398199411262,0.02693751224015778,cash,0.030672903054363765,cash
5595,0.35185536277700385,0.3012295176263492,0.05062584515065466,0.3068026436475595,0.2924474646112024,0.01435517903635708,cash,0.05062584515065466,cash
105,0.3278886870520102,0.3012295176263492,0.02665916942566099,0.28709606507090984,0.2785185778965819,0.008577487174327936,cash,0.02665916942566099,cash
2839,0.33120226390001645,0.31971024287399674,0.011492021026019705,0.296177332181284,0.26874091332864347,0.02743641885264053,card,0.02743641885264053,card
3427,0.2832222700989983,0.28443375506298973,-0.0012114849639914271,0.26924634635828265,0.27692384118215774,-0.007677494823875086,cash,-0.0012114849639914271,no_call
5237,0.33731538326732624,0.31529020477374486,0.022025178493581377,0.3270634103794974,0.27930452888180324,0.04775888149769414,card,0.04775888149769414,card
7489,0.3278886870520102,0.31529020477374486,0.012598482278265322,0.3270634103794974,0.2785185778965819,0.04854483248291547,card,0.04854483248291547,card
8631,0.28285147170376607,0.28030047079389003,0.0025510009098760333,0.27912654340730697,0.2933246446645549,-0.014198101257247908,cash,0.0025510009098760333,cash
1012,0.3421068211158548,0.31529020477374486,0.02681661634210991,0.3270634103794974,0.26988710995791715,0.05717630042158023,card,0.05717630042158023,card
816,0.33120226390001645,0.3019583964387562,0.02924386746126023,0.28709606507090984,0.26874091332864347,0.018355151742266373,cash,0.02924386746126023,cash
5215,0.3278886870520102,0.3019583964387562,0.02593029061325397,0.28709606507090984,0.2785185778965819,0.008577487174327936,cash,0.02593029061325397,cash
1244,0.35185536277700385,0.29767639015435476,0.05417897262264909,0.2973647289818425,0.2924474646112024,0.0049172643706401065,cash,0.05417897262264909,cash
7196,0.37152323881682653,0.29695345035176324,0.07456978846506329,0.2973647289818425,0.3102371794981779,-0.012872450516335399,cash,0.07456978846506329,cash
7299,0.3615777965908932,0.31895809358201666,0.04261970300887652,0.296177332181284,0.27038735764640115,0.025789974534882854,cash,0.04261970300887652,cash
6596,0.311437557394592,0.3012295176263492,0.010208039768242805,0.28709606507090984,0.26974888894509436,0.01734717612581549,card,0.01734717612581549,card
7982,0.3469772287879512,0.31529020477374486,0.03168702401420631,0.306631101846816,0.2790287100960809,0.027602391750735145,cash,0.03168702401420631,cash
7681,0.3505744120479437,0.3040944328553246,0.04647997919261909,0.31659395344865043,0.2792247904795161,0.03736916296913434,cash,0.04647997919261909,cash
377,0.30198166478897476,0.2913984566179766,0.01058320817099817,0.28740102270028123,0.27589918427987986,0.011501838420401367,card,0.011501838420401367,card
8601,0.36640925434068883,0.31529020477374486,0.051119049566943964,0.306631101846816,0.3174503923997334,-0.01081929055291736,cash,0.051119049566943964,cash
2018,0.2832222700989983,0.28443375506298973,-0.0012114849639914271,0.26924634635828265,0.27692384118215774,-0.007677494823875086,cash,-0.0012114849639914271,no_call
8933,0.3310642245986498,0.29767639015435476,0.03338783444429505,0.2973647289818425,0.31046996111351616,-0.013105232131673639,cash,0.03338783444429505,cash
412,0.3213048875136459,0.2851385771225995,0.0361663103910464,0.26924634635828265,0.27831835145317074,-0.009072005094888091,cash,0.0361663103910464,cash
4139,0.3615777965908932,0.3271438238381926,0.03443397275270055,0.33609639619565823,0.27038735764640115,0.06570903854925708,card,0.06570903854925708,card
7251,0.3320453666019924,0.30160048418676005,0.030444882415232355,0.2779831606625721,0.279489784060143,-0.0015066233975709054,cash,0.030444882415232355,cash
4321,0.30198166478897476,0.28443375506298973,0.017547909725985023,0.26924634635828265,0.27589918427987986,-0.00665283792159721,cash,0.017547909725985023,cash
5819,0.2832222700989983,0.2913984566179766,-0.008176186518978279,0.28740102270028123,0.27692384118215774,0.01047718151812349,card,0.01047718151812349,card
4357,0.3505744120479437,0.32367355058688035,0.026900861461063352,0.3058362470322117,0.2792247904795161,0.02661145655269559,cash,0.026900861461063352,cash
1758,0.29195889535664754,0.31454364609307167,-0.02258475073642413,0.306631101846816,0.28693983349509655,0.01969126835171947,card,0.01969126835171947,card
6728,0.33120226390001645,0.3414652117772702,-0.010262947877253736,0.30394761256561054,0.26874091332864347,0.035206699236967065,card,0.035206699236967065,card
5513,0.3503831459283605,0.32367355058688035,0.026709595341480152,0.3403339637766557,0.2692398199411262,0.07109414383552948,card,0.07109414383552948,card
8770,0.3278886870520102,0.3019583964387562,0.02593029061325397,0.28709606507090984,0.2785185778965819,0.008577487174327936,cash,0.02593029061325397,cash
4507,0.35185536277700385,0.31971024287399674,0.03214511990300711,0.296177332181284,0.2924474646112024,0.003729867570081591,cash,0.03214511990300711,cash
4487,0.3503831459283605,0.3048272197950342,0.04555592613332632,0.33736711936549607,0.2692398199411262,0.06812729942436985,card,0.06812729942436985,card
5061,0.311437557394592,0.31895809358201666,-0.0075205361874246535,0.296177332181284,0.26974888894509436,0.026428443236189647,card,0.026428443236189647,card
5670,0.2832222700989983,0.28443375506298973,-0.0012114849639914271,0.26924634635828265,0.27692384118215774,-0.007677494823875086,cash,-0.0012114849639914271,no_call
2381,0.33120226390001645,0.3019583964387562,0.02924386746126023,0.28709606507090984,0.26874091332864347,0.018355151742266373,cash,0.02924386746126023,cash
7794,0.3615777965908932,0.3271438238381926,0.03443397275270055,0.31536423590757445,0.27038735764640115,0.0449768782611733,card,0.0449768782611733,card
6507,0.33120226390001645,0.31895809358201666,0.012244170317999792,0.296177332181284,0.26874091332864347,0.02743641885264053,card,0.02743641885264053,card
1635,0.30198166478897476,0.29211349173985596,0.0098681730491188,0.28740102270028123,0.27589918427987986,0.011501838420401367,card,0.011501838420401367,card
7723,0.3421068211158548,0.3423168865731469,-0.0002100654572921301,0.29553822720957185,0.26988710995791715,0.025651117251654698,card,0.025651117251654698,card
1434,0.2832222700989983,0.2872045856349517,-0.003982315535953407,0.2976760396530137,0.27692384118215774,0.020752198470855965,card,0.020752198470855965,card
3655,0.30198166478897476,0.28443375506298973,0.017547909725985023,0.26924634635828265,0.27589918427987986,-0.00665283792159721,cash,0.017547909725985023,cash
2449,0.33731538326732624,0.3271438238381926,0.010171559429133614,0.31536423590757445,0.27930452888180324,0.036059707025771215,card,0.036059707025771215,card
6157,0.3503831459283605,0.31971024287399674,0.030672903054363765,0.3162307532252393,0.2692398199411262,0.04699093328411308,card,0.04699093328411308,card
3072,0.2648295870527246,0.2872045856349517,-0.022374998582227135,0.2976760396530137,0.29438770693035393,0.0032883327226597703,card,0.0032883327226597703,card
7896,0.33120226390001645,0.3012295176263492,0.02997274627366725,0.28709606507090984,0.26874091332864347,0.018355151742266373,cash,0.02997274627366725,cash
3279,0.30198166478897476,0.2809990727057758,0.02098259208319897,0.27912654340730697,0.27589918427987986,0.0032273591274271096,cash,0.02098259208319897,cash
4402,0.33120226390001645,0.31895809358201666,0.012244170317999792,0.296177332181284,0.26874091332864347,0.02743641885264053,card,0.02743641885264053,card
6458,0.3503831459283605,0.3019583964387562,0.04842474948960429,0.28709606507090984,0.2692398199411262,0.01785624512978362,cash,0.04842474948960429,cash
5982,0.33120226390001645,0.29767639015435476,0.03352587374566168,0.2973647289818425,0.26874091332864347,0.028623815653199047,cash,0.03352587374566168,cash
8071,0.3503831459283605,0.29767639015435476,0.05270675577400574,0.2973647289818425,0.2692398199411262,0.028124909040716295,cash,0.05270675577400574,cash
6657,0.3313884008727011,0.32638257664914866,0.005005824223552446,0.33609639619565823,0.2787144383803398,0.05738195781531841,card,0.05738195781531841,card
403,0.35812305094197805,0.31971024287399674,0.03841280806798131,0.296177332181284,0.28020197172193173,0.015975360459352272,cash,0.03841280806798131,cash
3917,0.30198166478897476,0.2851385771225995,0.016843087666375267,0.26924634635828265,0.27589918427987986,-0.00665283792159721,cash,0.016843087666375267,cash
8346,0.30198166478897476,0.2888552884643508,0.013126376324623934,0.27837436170364827,0.27589918427987986,0.0024751774237684043,cash,0.013126376324623934,cash
1462,0.3503831459283605,0.29767639015435476,0.05270675577400574,0.2973647289818425,0.2692398199411262,0.028124909040716295,cash,0.05270675577400574,cash
2057,0.2832222700989983,0.28443375506298973,-0.0012114849639914271,0.26924634635828265,0.27692384118215774,-0.007677494823875086,cash,-0.0012114849639914271,no_call
1678,0.311437557394592,0.3084282176015052,0.003009339793086818,0.3059504011886017,0.26974888894509436,0.03620151224350732,card,0.03620151224350732,card
3387,0.2648295870527246,0.28468331439436456,-0.019853727341639982,0.28845729645304885,0.29438770693035393,-0.005930410477305081,card,-0.005930410477305081,no_call
7970,0.3615777965908932,0.31971024287399674,0.04186755371689643,0.296177332181284,0.27038735764640115,0.025789974534882854,cash,0.04186755371689643,cash
6180,0.3421068211158548,0.31529020477374486,0.02681661634210991,0.306631101846816,0.26988710995791715,0.036743991888898875,card,0.036743991888898875,card
7100,0.3300386613440034,0.3040944328553246,0.025944228488678778,0.31659395344865043,0.27024897526598024,0.04634497818267019,card,0.04634497818267019,card
3157,0.31104584921500994,0.29767639015435476,0.013369459060655176,0.2973647289818425,0.28589276917996076,0.01147195980188176,cash,0.013369459060655176,cash
3753,0.34224264473001975,0.3019583964387562,0.040284248291263536,0.28709606507090984,0.2726118917964195,0.014484173274490364,cash,0.040284248291263536,cash
6014,0.28285147170376607,0.2809990727057758,0.0018523989979902789,0.27912654340730697,0.2933246446645549,-0.014198101257247908,cash,0.0018523989979902789,cash
1521,0.33120226390001645,0.31529020477374486,0.015912059126271583,0.306631101846816,0.26874091332864347,0.03789018851817255,card,0.03789018851817255,card
5637,0.3082305874874605,0.31895809358201666,-0.010727506094556138,0.296177332181284,0.27954920724122556,0.016628124940058442,card,0.016628124940058442,card
6491,0.3503831459283605,0.31529020477374486,0.03509294115461564,0.306631101846816,0.2692398199411262,0.0373912819056898,card,0.0373912819056898,card
7518,0.31351392185980764,0.28443375506298973,0.029080166796817908,0.26924634635828265,0.2817602858689876,-0.012513939510704952,cash,0.029080166796817908,cash
5962,0.3278886870520102,0.3019583964387562,0.02593029061325397,0.3068026436475595,0.2785185778965819,0.028284065750977583,card,0.028284065750977583,card
127,0.3469772287879512,0.31529020477374486,0.03168702401420631,0.3270634103794974,0.2790287100960809,0.0480347002834165,card,0.0480347002834165,card
5424,0.2832222700989983,0.28443375506298973,-0.0012114849639914271,0.26924634635828265,0.27692384118215774,-0.007677494823875086,cash,-0.0012114849639914271,no_call
1368,0.294455964413194,0.28443375506298973,0.010022209350204259,0.26924634635828265,0.27932278053794385,-0.010076434179661198,cash,0.010022209350204259,cash
8793,0.30198166478897476,0.3023298722551591,-0.00034820746618435816,0.2779831606625721,0.27589918427987986,0.002083976382692254,card,0.002083976382692254,card
2349,0.33120226390001645,0.31971024287399674,0.011492021026019705,0.296177332181284,0.26874091332864347,0.02743641885264053,card,0.02743641885264053,card
1380,0.33120226390001645,0.32638257664914866,0.004819687250867788,0.31536423590757445,0.26874091332864347,0.04662332257893098,card,0.04662332257893098,card
950,0.3700276802071576,0.31529020477374486,0.05473747543341273,0.306631101846816,0.33027287466293315,-0.023641772816117124,cash,0.05473747543341273,cash
1502,0.3615777965908932,0.31971024287399674,0.04186755371689643,0.296177332181284,0.27038735764640115,0.025789974534882854,cash,0.04186755371689643,cash
7895,0.3503831459283605,0.31454364609307167,0.035839499835288835,0.306631101846816,0.2692398199411262,0.0373912819056898,card,0.0373912819056898,card
8207,0.2832222700989983,0.28443375506298973,-0.0012114849639914271,0.26924634635828265,0.27692384118215774,-0.007677494823875086,cash,-0.0012114849639914271,no_call
4578,0.3505744120479437,0.31895809358201666,0.03161631846592705,0.3162307532252393,0.2792247904795161,0.03700596274572321,card,0.03700596274572321,card
4096,0.30198166478897476,0.28443375506298973,0.017547909725985023,0.26924634635828265,0.27589918427987986,-0.00665283792159721,cash,0.017547909725985023,cash
4715,0.3278886870520102,0.31529020477374486,0.012598482278265322,0.306631101846816,0.2785185778965819,0.028112523950234114,card,0.028112523950234114,card
7551,0.33120226390001645,0.3012295176263492,0.02997274627366725,0.28709606507090984,0.26874091332864347,0.018355151742266373,cash,0.02997274627366725,cash
574,0.3503831459283605,0.3019583964387562,0.04842474948960429,0.28709606507090984,0.2692398199411262,0.01785624512978362,cash,0.04842474948960429,cash
2456,0.35812305094197805,0.31529020477374486,0.042832846168233185,0.306631101846816,0.28020197172193173,0.026429130124884292,cash,0.042832846168233185,cash
8968,0.2832222700989983,0.28443375506298973,-0.0012114849639914271,0.26924634635828265,0.27692384118215774,-0.007677494823875086,cash,-0.0012114849639914271,no_call
796,0.30198166478897476,0.28443375506298973,0.017547909725985023,0.26924634635828265,0.27589918427987986,-0.00665283792159721,cash,0.017547909725985023,cash
5690,0.2832222700989983,0.28443375506298973,-0.0012114849639914271,0.26924634635828265,0.27692384118215774,-0.007677494823875086,cash,-0.0012114849639914271,no_call
1594,0.36307076144379347,0.31971024287399674,0.043360518569796724,0.296177332181284,0.2936541681033737,0.0025231640779103115,cash,0.043360518569796724,cash
1509,0.33120226390001645,0.3091668082281294,0.022035455671887028,0.3059504011886017,0.26874091332864347,0.0372094878599582,card,0.0372094878599582,card
6005,0.33120226390001645,0.3380554513876438,-0.006853187487627366,0.3154797773991413,0.26874091332864347,0.04673886407049782,card,0.04673886407049782,card
8452,0.3217375604878488,0.31529020477374486,0.006447355714103931,0.306631101846816,0.28991285746211803,0.01671824438469799,card,0.01671824438469799,card
1583,0.35185536277700385,0.31971024287399674,0.03214511990300711,0.3162307532252393,0.2924474646112024,0.02378328861403689,cash,0.03214511990300711,cash
6627,0.33120226390001645,0.31971024287399674,0.011492021026019705,0.296177332181284,0.26874091332864347,0.02743641885264053,card,0.02743641885264053,card
